-- MySQL dump 10.13  Distrib 8.0.41, for Linux (x86_64)
--
-- Host: 127.0.0.1    Database: mysql
-- ------------------------------------------------------
-- Server version	8.0.41-google

/*!40101 SET @OLD_CHARACTER_SET_CLIENT=@@CHARACTER_SET_CLIENT */;
/*!40101 SET @OLD_CHARACTER_SET_RESULTS=@@CHARACTER_SET_RESULTS */;
/*!40101 SET @OLD_COLLATION_CONNECTION=@@COLLATION_CONNECTION */;
/*!50503 SET NAMES utf8mb4 */;
/*!40103 SET @OLD_TIME_ZONE=@@TIME_ZONE */;
/*!40103 SET TIME_ZONE='+00:00' */;
/*!40014 SET @OLD_UNIQUE_CHECKS=@@UNIQUE_CHECKS, UNIQUE_CHECKS=0 */;
/*!40014 SET @OLD_FOREIGN_KEY_CHECKS=@@FOREIGN_KEY_CHECKS, FOREIGN_KEY_CHECKS=0 */;
/*!40101 SET @OLD_SQL_MODE=@@SQL_MODE, SQL_MODE='NO_AUTO_VALUE_ON_ZERO' */;
/*!40111 SET @OLD_SQL_NOTES=@@SQL_NOTES, SQL_NOTES=0 */;

--
-- Current Database: `senior_project`
--

CREATE DATABASE /*!32312 IF NOT EXISTS*/ `senior_project` /*!40100 DEFAULT CHARACTER SET utf8mb4 COLLATE utf8mb4_0900_ai_ci */ /*!80016 DEFAULT ENCRYPTION='N' */;

USE `senior_project`;

--
-- Table structure for table `budget_categories`
--

DROP TABLE IF EXISTS `budget_categories`;
/*!40101 SET @saved_cs_client     = @@character_set_client */;
/*!50503 SET character_set_client = utf8mb4 */;
CREATE TABLE `budget_categories` (
  `id` int NOT NULL AUTO_INCREMENT,
  `name` varchar(100) NOT NULL,
  `color` varchar(7) NOT NULL,
  `total_budget` decimal(10,2) NOT NULL DEFAULT '0.00',
  `spent_amount` decimal(10,2) NOT NULL DEFAULT '0.00',
  `year` int NOT NULL DEFAULT '2025',
  `evaluateid` int NOT NULL DEFAULT '9',
  `staff_code` varchar(20) NOT NULL,
  `created_at` timestamp NULL DEFAULT CURRENT_TIMESTAMP,
  `updated_at` timestamp NULL DEFAULT CURRENT_TIMESTAMP ON UPDATE CURRENT_TIMESTAMP,
  PRIMARY KEY (`id`),
  KEY `idx_evaluateid` (`evaluateid`),
  KEY `idx_staff_evaluate` (`staff_code`,`evaluateid`),
  CONSTRAINT `fk_budget_categories_staff` FOREIGN KEY (`staff_code`) REFERENCES `lecturer_profiles` (`staff_code`) ON DELETE CASCADE
) ENGINE=InnoDB AUTO_INCREMENT=121 DEFAULT CHARSET=utf8mb4 COLLATE=utf8mb4_0900_ai_ci;
/*!40101 SET character_set_client = @saved_cs_client */;

--
-- Dumping data for table `budget_categories`
--

LOCK TABLES `budget_categories` WRITE;
/*!40000 ALTER TABLE `budget_categories` DISABLE KEYS */;
INSERT INTO `budget_categories` VALUES (1,'Self Development','#3B82F6',9500.00,5700.00,2025,8,'6431703502','2025-08-19 07:02:32','2025-08-19 07:02:32'),(2,'Academic Service Project','#EC4899',38000.00,12920.00,2025,8,'6431703502','2025-08-19 07:02:32','2025-08-19 07:02:32'),(3,'Research Project','#8B5CF6',16000.00,4800.00,2025,8,'6431703502','2025-08-19 07:02:32','2025-08-19 07:02:32'),(4,'Guest Speaker','#10B981',13500.00,1620.00,2025,8,'6431703502','2025-08-19 07:02:32','2025-08-19 07:02:32'),(5,'Guest Lecturer','#F59E0B',13500.00,1620.00,2025,8,'6431703502','2025-08-19 07:02:32','2025-08-19 07:02:32'),(6,'Student Activity','#EF4444',13500.00,1620.00,2025,8,'6431703502','2025-08-19 07:02:32','2025-08-19 07:02:32'),(7,'Self Development','#3B82F6',8500.00,4200.00,2025,8,'6531503017','2025-08-19 07:02:32','2025-08-19 07:02:32'),(8,'Academic Service Project','#EC4899',35000.00,15200.00,2025,8,'6531503017','2025-08-19 07:02:32','2025-08-19 07:02:32'),(9,'Research Project','#8B5CF6',18000.00,6300.00,2025,8,'6531503017','2025-08-19 07:02:32','2025-08-19 07:02:32'),(10,'Guest Speaker','#10B981',12000.00,2400.00,2025,8,'6531503017','2025-08-19 07:02:32','2025-08-19 07:02:32'),(11,'Guest Lecturer','#F59E0B',12000.00,2400.00,2025,8,'6531503017','2025-08-19 07:02:32','2025-08-19 07:02:32'),(12,'Student Activity','#EF4444',12000.00,2400.00,2025,8,'6531503017','2025-08-19 07:02:32','2025-08-19 07:02:32'),(13,'Self Development','#3B82F6',7500.00,3800.00,2025,8,'6531503069','2025-08-19 07:02:32','2025-08-19 07:02:32'),(14,'Academic Service Project','#EC4899',32000.00,18500.00,2025,8,'6531503069','2025-08-19 07:02:32','2025-08-19 07:02:32'),(15,'Research Project','#8B5CF6',14000.00,7200.00,2025,8,'6531503069','2025-08-19 07:02:32','2025-08-19 07:02:32'),(16,'Guest Speaker','#10B981',11000.00,3100.00,2025,8,'6531503069','2025-08-19 07:02:32','2025-08-19 07:02:32'),(17,'Guest Lecturer','#F59E0B',11000.00,3100.00,2025,8,'6531503069','2025-08-19 07:02:32','2025-08-19 07:02:32'),(18,'Student Activity','#EF4444',11000.00,3100.00,2025,8,'6531503069','2025-08-19 07:02:32','2025-08-19 07:02:32'),(19,'Self Development','#3B82F6',9000.00,5100.00,2025,8,'6531503070','2025-08-19 07:02:32','2025-08-19 07:02:32'),(20,'Academic Service Project','#EC4899',36000.00,14800.00,2025,8,'6531503070','2025-08-19 07:02:32','2025-08-19 07:02:32'),(21,'Research Project','#8B5CF6',17000.00,5900.00,2025,8,'6531503070','2025-08-19 07:02:32','2025-08-19 07:02:32'),(22,'Guest Speaker','#10B981',13000.00,2800.00,2025,8,'6531503070','2025-08-19 07:02:32','2025-08-19 07:02:32'),(23,'Guest Lecturer','#F59E0B',13000.00,2800.00,2025,8,'6531503070','2025-08-19 07:02:32','2025-08-19 07:02:32'),(24,'Student Activity','#EF4444',13000.00,2800.00,2025,8,'6531503070','2025-08-19 07:02:32','2025-08-19 07:02:32'),(25,'Self Development','#3B82F6',8000.00,4500.00,2025,8,'6531503074','2025-08-19 07:02:32','2025-08-19 07:02:32'),(26,'Academic Service Project','#EC4899',33000.00,16700.00,2025,8,'6531503074','2025-08-19 07:02:32','2025-08-19 07:02:32'),(27,'Research Project','#8B5CF6',15000.00,6800.00,2025,8,'6531503074','2025-08-19 07:02:32','2025-08-19 07:02:32'),(28,'Guest Speaker','#10B981',12500.00,3500.00,2025,8,'6531503074','2025-08-19 07:02:32','2025-08-19 07:02:32'),(29,'Guest Lecturer','#F59E0B',12500.00,3500.00,2025,8,'6531503074','2025-08-19 07:02:32','2025-08-19 07:02:32'),(30,'Student Activity','#EF4444',12500.00,3500.00,2025,8,'6531503074','2025-08-19 07:02:32','2025-08-19 07:02:32'),(31,'Self Development','#3B82F6',9200.00,5400.00,2025,8,'6531503137','2025-08-19 07:02:32','2025-08-19 07:02:32'),(32,'Academic Service Project','#EC4899',37000.00,13600.00,2025,8,'6531503137','2025-08-19 07:02:32','2025-08-19 07:02:32'),(33,'Research Project','#8B5CF6',16500.00,5200.00,2025,8,'6531503137','2025-08-19 07:02:32','2025-08-19 07:02:32'),(34,'Guest Speaker','#10B981',13200.00,1900.00,2025,8,'6531503137','2025-08-19 07:02:32','2025-08-19 07:02:32'),(35,'Guest Lecturer','#F59E0B',13200.00,1900.00,2025,8,'6531503137','2025-08-19 07:02:32','2025-08-19 07:02:32'),(36,'Student Activity','#EF4444',13200.00,1900.00,2025,8,'6531503137','2025-08-19 07:02:32','2025-08-19 07:02:32'),(37,'Self Development','#3B82F6',10000.00,9500.00,2025,8,'6531503172','2025-08-19 07:02:32','2025-08-20 13:45:48'),(38,'Academic Service Project','#EC4899',38000.00,12920.00,2025,8,'6531503172','2025-08-19 07:02:32','2025-08-19 07:02:32'),(39,'Research Project','#8B5CF6',16000.00,4800.00,2025,8,'6531503172','2025-08-19 07:02:32','2025-08-19 07:02:32'),(40,'Guest Speaker','#10B981',13500.00,1620.00,2025,8,'6531503172','2025-08-19 07:02:32','2025-08-19 07:02:32'),(41,'Guest Lecturer','#F59E0B',13500.00,1620.00,2025,8,'6531503172','2025-08-19 07:02:32','2025-08-19 07:02:32'),(42,'Student Activity','#EF4444',13500.00,1620.00,2025,8,'6531503172','2025-08-19 07:02:32','2025-08-19 07:02:32'),(43,'Self Development','#3B82F6',8800.00,4900.00,2025,8,'6531503174','2025-08-19 07:02:32','2025-08-19 07:02:32'),(44,'Academic Service Project','#EC4899',34000.00,17200.00,2025,8,'6531503174','2025-08-19 07:02:32','2025-08-19 07:02:32'),(45,'Research Project','#8B5CF6',15500.00,6500.00,2025,8,'6531503174','2025-08-19 07:02:32','2025-08-19 07:02:32'),(46,'Guest Speaker','#10B981',12800.00,2700.00,2025,8,'6531503174','2025-08-19 07:02:32','2025-08-19 07:02:32'),(47,'Guest Lecturer','#F59E0B',12800.00,2700.00,2025,8,'6531503174','2025-08-19 07:02:32','2025-08-19 07:02:32'),(48,'Student Activity','#EF4444',12800.00,2700.00,2025,8,'6531503174','2025-08-19 07:02:32','2025-08-19 07:02:32'),(49,'Self Development','#3B82F6',8300.00,4300.00,2025,8,'6531503176','2025-08-19 07:02:32','2025-08-19 07:02:32'),(50,'Academic Service Project','#EC4899',31000.00,19100.00,2025,8,'6531503176','2025-08-19 07:02:32','2025-08-19 07:02:32'),(51,'Research Project','#8B5CF6',14500.00,7500.00,2025,8,'6531503176','2025-08-19 07:02:32','2025-08-19 07:02:32'),(52,'Guest Speaker','#10B981',11500.00,3800.00,2025,8,'6531503176','2025-08-19 07:02:32','2025-08-19 07:02:32'),(53,'Guest Lecturer','#F59E0B',11500.00,3800.00,2025,8,'6531503176','2025-08-19 07:02:32','2025-08-19 07:02:32'),(54,'Student Activity','#EF4444',11500.00,3800.00,2025,8,'6531503176','2025-08-19 07:02:32','2025-08-19 07:02:32'),(55,'Self Development','#3B82F6',7800.00,3900.00,2025,8,'6631205226','2025-08-19 07:02:32','2025-08-19 07:02:32'),(56,'Academic Service Project','#EC4899',10000.00,9000.00,2025,8,'6631205226','2025-08-19 07:02:32','2025-08-21 20:38:42'),(57,'Research Project','#8B5CF6',13000.00,8200.00,2025,8,'6631205226','2025-08-19 07:02:32','2025-08-19 07:02:32'),(58,'Guest Speaker','#10B981',10500.00,4200.00,2025,8,'6631205226','2025-08-19 07:02:32','2025-08-19 07:02:32'),(59,'Guest Lecturer','#F59E0B',10500.00,4200.00,2025,8,'6631205226','2025-08-19 07:02:32','2025-08-19 07:02:32'),(60,'Student Activity','#EF4444',10500.00,4200.00,2025,8,'6631205226','2025-08-19 07:02:32','2025-08-19 07:02:32'),(61,'Self Development','#3B82F6',10000.00,6200.00,2025,9,'6431703502','2025-08-19 07:02:32','2025-08-19 07:02:32'),(62,'Academic Service Project','#EC4899',40000.00,14500.00,2025,9,'6431703502','2025-08-19 07:02:32','2025-08-19 07:02:32'),(63,'Research Project','#8B5CF6',18000.00,5400.00,2025,9,'6431703502','2025-08-19 07:02:32','2025-08-19 07:02:32'),(64,'Guest Speaker','#10B981',15000.00,1800.00,2025,9,'6431703502','2025-08-19 07:02:32','2025-08-19 07:02:32'),(65,'Guest Lecturer','#F59E0B',15000.00,1800.00,2025,9,'6431703502','2025-08-19 07:02:32','2025-08-19 07:02:32'),(66,'Student Activity','#EF4444',15000.00,1800.00,2025,9,'6431703502','2025-08-19 07:02:32','2025-08-19 07:02:32'),(67,'Self Development','#3B82F6',9000.00,4700.00,2025,9,'6531503017','2025-08-19 07:02:32','2025-08-19 07:02:32'),(68,'Academic Service Project','#EC4899',37000.00,16800.00,2025,9,'6531503017','2025-08-19 07:02:32','2025-08-19 07:02:32'),(69,'Research Project','#8B5CF6',20000.00,7100.00,2025,9,'6531503017','2025-08-19 07:02:32','2025-08-19 07:02:32'),(70,'Guest Speaker','#10B981',13500.00,2700.00,2025,9,'6531503017','2025-08-19 07:02:32','2025-08-19 07:02:32'),(71,'Guest Lecturer','#F59E0B',13500.00,2700.00,2025,9,'6531503017','2025-08-19 07:02:32','2025-08-19 07:02:32'),(72,'Student Activity','#EF4444',13500.00,2700.00,2025,9,'6531503017','2025-08-19 07:02:32','2025-08-19 07:02:32'),(73,'Self Development','#3B82F6',8000.00,4200.00,2025,9,'6531503069','2025-08-19 07:02:32','2025-08-19 07:02:32'),(74,'Academic Service Project','#EC4899',34000.00,20100.00,2025,9,'6531503069','2025-08-19 07:02:32','2025-08-19 07:02:32'),(75,'Research Project','#8B5CF6',16000.00,8000.00,2025,9,'6531503069','2025-08-19 07:02:32','2025-08-19 07:02:32'),(76,'Guest Speaker','#10B981',12000.00,3600.00,2025,9,'6531503069','2025-08-19 07:02:32','2025-08-19 07:02:32'),(77,'Guest Lecturer','#F59E0B',12000.00,3600.00,2025,9,'6531503069','2025-08-19 07:02:32','2025-08-19 07:02:32'),(78,'Student Activity','#EF4444',12000.00,3600.00,2025,9,'6531503069','2025-08-19 07:02:32','2025-08-19 07:02:32'),(79,'Self Development','#3B82F6',9500.00,5600.00,2025,9,'6531503070','2025-08-19 07:02:32','2025-08-19 07:02:32'),(80,'Academic Service Project','#EC4899',38000.00,16200.00,2025,9,'6531503070','2025-08-19 07:02:32','2025-08-19 07:02:32'),(81,'Research Project','#8B5CF6',19000.00,6700.00,2025,9,'6531503070','2025-08-19 07:02:32','2025-08-19 07:02:32'),(82,'Guest Speaker','#10B981',14500.00,3200.00,2025,9,'6531503070','2025-08-19 07:02:32','2025-08-19 07:02:32'),(83,'Guest Lecturer','#F59E0B',14500.00,3200.00,2025,9,'6531503070','2025-08-19 07:02:32','2025-08-19 07:02:32'),(84,'Student Activity','#EF4444',14500.00,3200.00,2025,9,'6531503070','2025-08-19 07:02:32','2025-08-19 07:02:32'),(85,'Self Development','#3B82F6',8500.00,5000.00,2025,9,'6531503074','2025-08-19 07:02:32','2025-08-19 07:02:32'),(86,'Academic Service Project','#EC4899',35000.00,18300.00,2025,9,'6531503074','2025-08-19 07:02:32','2025-08-19 07:02:32'),(87,'Research Project','#8B5CF6',17000.00,7600.00,2025,9,'6531503074','2025-08-19 07:02:32','2025-08-19 07:02:32'),(88,'Guest Speaker','#10B981',13800.00,3900.00,2025,9,'6531503074','2025-08-19 07:02:32','2025-08-19 07:02:32'),(89,'Guest Lecturer','#F59E0B',13800.00,3900.00,2025,9,'6531503074','2025-08-19 07:02:32','2025-08-19 07:02:32'),(90,'Student Activity','#EF4444',13800.00,3900.00,2025,9,'6531503074','2025-08-19 07:02:32','2025-08-19 07:02:32'),(91,'Self Development','#3B82F6',9800.00,5900.00,2025,9,'6531503137','2025-08-19 07:02:32','2025-08-19 07:02:32'),(92,'Academic Service Project','#EC4899',39000.00,15100.00,2025,9,'6531503137','2025-08-19 07:02:32','2025-08-19 07:02:32'),(93,'Research Project','#8B5CF6',18500.00,5800.00,2025,9,'6531503137','2025-08-19 07:02:32','2025-08-19 07:02:32'),(94,'Guest Speaker','#10B981',14800.00,2100.00,2025,9,'6531503137','2025-08-19 07:02:32','2025-08-19 07:02:32'),(95,'Guest Lecturer','#F59E0B',14800.00,2100.00,2025,9,'6531503137','2025-08-19 07:02:32','2025-08-19 07:02:32'),(96,'Student Activity','#EF4444',14800.00,2100.00,2025,9,'6531503137','2025-08-19 07:02:32','2025-08-19 07:02:32'),(97,'Self Development','#3B82F6',10000.00,6200.00,2025,9,'6531503172','2025-08-19 07:02:32','2025-08-19 07:02:32'),(98,'Academic Service Project','#EC4899',40000.00,14500.00,2025,9,'6531503172','2025-08-19 07:02:32','2025-08-19 07:02:32'),(99,'Research Project','#8B5CF6',18000.00,5400.00,2025,9,'6531503172','2025-08-19 07:02:32','2025-08-19 07:02:32'),(100,'Guest Speaker','#10B981',15000.00,1800.00,2025,9,'6531503172','2025-08-19 07:02:32','2025-08-19 07:02:32'),(101,'Guest Lecturer','#F59E0B',15000.00,1800.00,2025,9,'6531503172','2025-08-19 07:02:32','2025-08-19 07:02:32'),(102,'Student Activity','#EF4444',15000.00,1800.00,2025,9,'6531503172','2025-08-19 07:02:32','2025-08-19 07:02:32'),(103,'Self Development','#3B82F6',9300.00,5300.00,2025,9,'6531503174','2025-08-19 07:02:32','2025-08-19 07:02:32'),(104,'Academic Service Project','#EC4899',36000.00,18800.00,2025,9,'6531503174','2025-08-19 07:02:32','2025-08-19 07:02:32'),(105,'Research Project','#8B5CF6',17500.00,7300.00,2025,9,'6531503174','2025-08-19 07:02:32','2025-08-19 07:02:32'),(106,'Guest Speaker','#10B981',14200.00,3000.00,2025,9,'6531503174','2025-08-19 07:02:32','2025-08-19 07:02:32'),(107,'Guest Lecturer','#F59E0B',14200.00,3000.00,2025,9,'6531503174','2025-08-19 07:02:32','2025-08-19 07:02:32'),(108,'Student Activity','#EF4444',14200.00,3000.00,2025,9,'6531503174','2025-08-19 07:02:32','2025-08-19 07:02:32'),(109,'Self Development','#3B82F6',8800.00,4800.00,2025,9,'6531503176','2025-08-19 07:02:32','2025-08-19 07:02:32'),(110,'Academic Service Project','#EC4899',33000.00,20700.00,2025,9,'6531503176','2025-08-19 07:02:32','2025-08-19 07:02:32'),(111,'Research Project','#8B5CF6',16500.00,8300.00,2025,9,'6531503176','2025-08-19 07:02:32','2025-08-19 07:02:32'),(112,'Guest Speaker','#10B981',12500.00,4200.00,2025,9,'6531503176','2025-08-19 07:02:32','2025-08-19 07:02:32'),(113,'Guest Lecturer','#F59E0B',12500.00,4200.00,2025,9,'6531503176','2025-08-19 07:02:32','2025-08-19 07:02:32'),(114,'Student Activity','#EF4444',12500.00,4200.00,2025,9,'6531503176','2025-08-19 07:02:32','2025-08-19 07:02:32'),(115,'Self Development','#3B82F6',8200.00,4300.00,2025,9,'6631205226','2025-08-19 07:02:32','2025-08-19 07:02:32'),(116,'Academic Service Project','#EC4899',31000.00,22100.00,2025,9,'6631205226','2025-08-19 07:02:32','2025-08-19 07:02:32'),(117,'Research Project','#8B5CF6',15000.00,9000.00,2025,9,'6631205226','2025-08-19 07:02:32','2025-08-19 07:02:32'),(118,'Guest Speaker','#10B981',11500.00,4600.00,2025,9,'6631205226','2025-08-19 07:02:32','2025-08-19 07:02:32'),(119,'Guest Lecturer','#F59E0B',11500.00,4600.00,2025,9,'6631205226','2025-08-19 07:02:32','2025-08-19 07:02:32'),(120,'Student Activity','#EF4444',11500.00,4600.00,2025,9,'6631205226','2025-08-19 07:02:32','2025-08-19 07:02:32');
/*!40000 ALTER TABLE `budget_categories` ENABLE KEYS */;
UNLOCK TABLES;

--
-- Table structure for table `budget_projects`
--

DROP TABLE IF EXISTS `budget_projects`;
/*!40101 SET @saved_cs_client     = @@character_set_client */;
/*!50503 SET character_set_client = utf8mb4 */;
CREATE TABLE `budget_projects` (
  `id` int NOT NULL AUTO_INCREMENT,
  `title` varchar(200) NOT NULL,
  `category_id` int NOT NULL,
  `budget_amount` decimal(10,2) NOT NULL,
  `duration` varchar(50) NOT NULL,
  `year` int NOT NULL DEFAULT '2025',
  `evaluateid` int NOT NULL DEFAULT '9',
  `staff_code` varchar(20) NOT NULL,
  `created_at` timestamp NULL DEFAULT CURRENT_TIMESTAMP,
  `updated_at` timestamp NULL DEFAULT CURRENT_TIMESTAMP ON UPDATE CURRENT_TIMESTAMP,
  PRIMARY KEY (`id`),
  KEY `category_id` (`category_id`),
  KEY `idx_evaluateid` (`evaluateid`),
  KEY `idx_staff_evaluate` (`staff_code`,`evaluateid`),
  CONSTRAINT `budget_projects_ibfk_1` FOREIGN KEY (`category_id`) REFERENCES `budget_categories` (`id`) ON DELETE CASCADE
) ENGINE=InnoDB AUTO_INCREMENT=81 DEFAULT CHARSET=utf8mb4 COLLATE=utf8mb4_0900_ai_ci;
/*!40101 SET character_set_client = @saved_cs_client */;

--
-- Dumping data for table `budget_projects`
--

LOCK TABLES `budget_projects` WRITE;
/*!40000 ALTER TABLE `budget_projects` DISABLE KEYS */;
INSERT INTO `budget_projects` VALUES (1,'Professional Development Workshop',1,5700.00,'3 Month',2025,8,'6431703502','2025-08-19 07:02:32','2025-08-19 07:02:32'),(2,'Academic Conference Planning',2,12920.00,'8 Month',2025,8,'6431703502','2025-08-19 07:02:32','2025-08-19 07:02:32'),(3,'AI Research Initiative',3,4800.00,'6 Month',2025,8,'6431703502','2025-08-19 07:02:32','2025-08-19 07:02:32'),(4,'Industry Expert Series',4,1620.00,'2 Month',2025,8,'6431703502','2025-08-19 07:02:32','2025-08-19 07:02:32'),(5,'Skills Enhancement Program',7,4200.00,'4 Month',2025,8,'6531503017','2025-08-19 07:02:32','2025-08-19 07:02:32'),(6,'Department Service Project',8,15200.00,'10 Month',2025,8,'6531503017','2025-08-19 07:02:32','2025-08-19 07:02:32'),(7,'Data Science Research',9,6300.00,'7 Month',2025,8,'6531503017','2025-08-19 07:02:32','2025-08-19 07:02:32'),(8,'Technology Speaker Forum',10,2400.00,'3 Month',2025,8,'6531503017','2025-08-19 07:02:32','2025-08-19 07:02:32'),(9,'Leadership Training',13,3800.00,'2 Month',2025,8,'6531503069','2025-08-19 07:02:32','2025-08-19 07:02:32'),(10,'Curriculum Development',14,18500.00,'12 Month',2025,8,'6531503069','2025-08-19 07:02:32','2025-08-19 07:02:32'),(11,'Educational Technology Research',15,7200.00,'8 Month',2025,8,'6531503069','2025-08-19 07:02:32','2025-08-19 07:02:32'),(12,'Education Expert Talk',16,3100.00,'4 Month',2025,8,'6531503069','2025-08-19 07:02:32','2025-08-19 07:02:32'),(13,'Research Methodology Course',19,5100.00,'5 Month',2025,8,'6531503070','2025-08-19 07:02:32','2025-08-19 07:02:32'),(14,'Quality Assurance Project',20,14800.00,'9 Month',2025,8,'6531503070','2025-08-19 07:02:32','2025-08-19 07:02:32'),(15,'Machine Learning Study',21,5900.00,'6 Month',2025,8,'6531503070','2025-08-19 07:02:32','2025-08-19 07:02:32'),(16,'ML Expert Seminar',22,2800.00,'3 Month',2025,8,'6531503070','2025-08-19 07:02:32','2025-08-19 07:02:32'),(17,'Communication Skills Workshop',25,4500.00,'3 Month',2025,8,'6531503074','2025-08-19 07:02:32','2025-08-19 07:02:32'),(18,'Student Support Initiative',26,16700.00,'11 Month',2025,8,'6531503074','2025-08-19 07:02:32','2025-08-19 07:02:32'),(19,'Software Engineering Research',27,6800.00,'7 Month',2025,8,'6531503074','2025-08-19 07:02:32','2025-08-19 07:02:32'),(20,'Software Industry Talk',28,3500.00,'4 Month',2025,8,'6531503074','2025-08-19 07:02:32','2025-08-19 07:02:32'),(21,'Teaching Excellence Program',31,5400.00,'4 Month',2025,8,'6531503137','2025-08-19 07:02:32','2025-08-19 07:02:32'),(22,'Academic Standards Project',32,13600.00,'8 Month',2025,8,'6531503137','2025-08-19 07:02:32','2025-08-19 07:02:32'),(23,'Database Systems Research',33,5200.00,'5 Month',2025,8,'6531503137','2025-08-19 07:02:32','2025-08-19 07:02:32'),(24,'Database Expert Session',34,1900.00,'2 Month',2025,8,'6531503137','2025-08-19 07:02:32','2025-08-19 07:02:32'),(25,'Professional Skills Workshop',37,5700.00,'3 Month',2025,8,'6531503172','2025-08-19 07:02:32','2025-08-19 07:02:32'),(26,'Academic Conference Organization',38,12920.00,'10 Month',2025,8,'6531503172','2025-08-19 07:02:32','2025-08-19 07:02:32'),(27,'Data Analytics Research',39,4800.00,'5 Month',2025,8,'6531503172','2025-08-19 07:02:32','2025-08-19 07:02:32'),(28,'Industry Expert Speaker Series',40,1620.00,'2 Month',2025,8,'6531503172','2025-08-19 07:02:32','2025-08-19 07:02:32'),(29,'Digital Skills Training',43,4900.00,'4 Month',2025,8,'6531503174','2025-08-19 07:02:32','2025-08-19 07:02:32'),(30,'Faculty Development Program',44,17200.00,'12 Month',2025,8,'6531503174','2025-08-19 07:02:32','2025-08-19 07:02:32'),(31,'Web Development Research',45,6500.00,'6 Month',2025,8,'6531503174','2025-08-19 07:02:32','2025-08-19 07:02:32'),(32,'Web Technology Speaker',46,2700.00,'3 Month',2025,8,'6531503174','2025-08-19 07:02:32','2025-08-19 07:02:32'),(33,'Project Management Course',49,4300.00,'3 Month',2025,8,'6531503176','2025-08-19 07:02:32','2025-08-19 07:02:32'),(34,'Assessment Innovation Project',50,19100.00,'11 Month',2025,8,'6531503176','2025-08-19 07:02:32','2025-08-19 07:02:32'),(35,'Mobile App Research',51,7500.00,'8 Month',2025,8,'6531503176','2025-08-19 07:02:32','2025-08-19 07:02:32'),(36,'Mobile Tech Expert Talk',52,3800.00,'4 Month',2025,8,'6531503176','2025-08-19 07:02:32','2025-08-19 07:02:32'),(37,'Innovation Workshop',55,3900.00,'2 Month',2025,8,'6631205226','2025-08-19 07:02:32','2025-08-19 07:02:32'),(38,'Student Mentoring Program',56,20500.00,'12 Month',2025,8,'6631205226','2025-08-19 07:02:32','2025-08-19 07:02:32'),(39,'Cybersecurity Research',57,8200.00,'9 Month',2025,8,'6631205226','2025-08-19 07:02:32','2025-08-19 07:02:32'),(40,'Security Expert Forum',58,4200.00,'5 Month',2025,8,'6631205226','2025-08-19 07:02:32','2025-08-19 07:02:32'),(41,'Advanced Leadership Training',61,6200.00,'4 Month',2025,9,'6431703502','2025-08-19 07:02:32','2025-08-19 07:02:32'),(42,'International Conference',62,14500.00,'9 Month',2025,9,'6431703502','2025-08-19 07:02:32','2025-08-19 07:02:32'),(43,'Advanced AI Research',63,5400.00,'7 Month',2025,9,'6431703502','2025-08-19 07:02:32','2025-08-19 07:02:32'),(44,'Global Expert Summit',64,1800.00,'2 Month',2025,9,'6431703502','2025-08-19 07:02:32','2025-08-19 07:02:32'),(45,'Advanced Skills Program',67,4700.00,'5 Month',2025,9,'6531503017','2025-08-19 07:02:32','2025-08-19 07:02:32'),(46,'Strategic Service Initiative',68,16800.00,'11 Month',2025,9,'6531503017','2025-08-19 07:02:32','2025-08-19 07:02:32'),(47,'Advanced Data Science',69,7100.00,'8 Month',2025,9,'6531503017','2025-08-19 07:02:32','2025-08-19 07:02:32'),(48,'Tech Innovation Forum',70,2700.00,'3 Month',2025,9,'6531503017','2025-08-19 07:02:32','2025-08-19 07:02:32'),(49,'Executive Leadership',73,4200.00,'3 Month',2025,9,'6531503069','2025-08-19 07:02:32','2025-08-19 07:02:32'),(50,'Advanced Curriculum Design',74,20100.00,'12 Month',2025,9,'6531503069','2025-08-19 07:02:32','2025-08-19 07:02:32'),(51,'EdTech Innovation Research',75,8000.00,'9 Month',2025,9,'6531503069','2025-08-19 07:02:32','2025-08-19 07:02:32'),(52,'Education Innovation Talk',76,3600.00,'4 Month',2025,9,'6531503069','2025-08-19 07:02:32','2025-08-19 07:02:32'),(53,'Advanced Research Methods',79,5600.00,'6 Month',2025,9,'6531503070','2025-08-19 07:02:32','2025-08-19 07:02:32'),(54,'Quality Excellence Project',80,16200.00,'10 Month',2025,9,'6531503070','2025-08-19 07:02:32','2025-08-19 07:02:32'),(55,'Deep Learning Research',81,6700.00,'7 Month',2025,9,'6531503070','2025-08-19 07:02:32','2025-08-19 07:02:32'),(56,'AI Expert Conference',82,3200.00,'3 Month',2025,9,'6531503070','2025-08-19 07:02:32','2025-08-19 07:02:32'),(57,'Advanced Communication',85,5000.00,'4 Month',2025,9,'6531503074','2025-08-19 07:02:32','2025-08-19 07:02:32'),(58,'Student Excellence Initiative',86,18300.00,'12 Month',2025,9,'6531503074','2025-08-19 07:02:32','2025-08-19 07:02:32'),(59,'Advanced Software Engineering',87,7600.00,'8 Month',2025,9,'6531503074','2025-08-19 07:02:32','2025-08-19 07:02:32'),(60,'Software Innovation Summit',88,3900.00,'4 Month',2025,9,'6531503074','2025-08-19 07:02:32','2025-08-19 07:02:32'),(61,'Master Teaching Program',91,5900.00,'5 Month',2025,9,'6531503137','2025-08-19 07:02:32','2025-08-19 07:02:32'),(62,'Academic Excellence Project',92,15100.00,'9 Month',2025,9,'6531503137','2025-08-19 07:02:32','2025-08-19 07:02:32'),(63,'Advanced Database Research',93,5800.00,'6 Month',2025,9,'6531503137','2025-08-19 07:02:32','2025-08-19 07:02:32'),(64,'Database Innovation Forum',94,2100.00,'2 Month',2025,9,'6531503137','2025-08-19 07:02:32','2025-08-19 07:02:32'),(65,'Expert Skills Development',97,6200.00,'4 Month',2025,9,'6531503172','2025-08-19 07:02:32','2025-08-19 07:02:32'),(66,'Global Conference Leadership',98,14500.00,'11 Month',2025,9,'6531503172','2025-08-19 07:02:32','2025-08-19 07:02:32'),(67,'Advanced Analytics Research',99,5400.00,'6 Month',2025,9,'6531503172','2025-08-19 07:02:32','2025-08-19 07:02:32'),(68,'Global Expert Series',100,1800.00,'2 Month',2025,9,'6531503172','2025-08-19 07:02:32','2025-08-19 07:02:32'),(69,'Digital Innovation Training',103,5300.00,'5 Month',2025,9,'6531503174','2025-08-19 07:02:32','2025-08-19 07:02:32'),(70,'Faculty Excellence Program',104,18800.00,'12 Month',2025,9,'6531503174','2025-08-19 07:02:32','2025-08-19 07:02:32'),(71,'Advanced Web Research',105,7300.00,'7 Month',2025,9,'6531503174','2025-08-19 07:02:32','2025-08-19 07:02:32'),(72,'Web Innovation Conference',106,3000.00,'3 Month',2025,9,'6531503174','2025-08-19 07:02:32','2025-08-19 07:02:32'),(73,'Advanced Project Management',109,4800.00,'4 Month',2025,9,'6531503176','2025-08-19 07:02:32','2025-08-19 07:02:32'),(74,'Assessment Excellence Project',110,20700.00,'12 Month',2025,9,'6531503176','2025-08-19 07:02:32','2025-08-19 07:02:32'),(75,'Advanced Mobile Research',111,8300.00,'9 Month',2025,9,'6531503176','2025-08-19 07:02:32','2025-08-19 07:02:32'),(76,'Mobile Innovation Summit',118,4200.00,'5 Month',2025,9,'6531503176','2025-08-19 07:02:32','2025-08-19 07:02:32'),(77,'Advanced Innovation Workshop',115,4300.00,'3 Month',2025,9,'6631205226','2025-08-19 07:02:32','2025-08-19 07:02:32'),(78,'Student Leadership Program',116,22100.00,'12 Month',2025,9,'6631205226','2025-08-19 07:02:32','2025-08-19 07:02:32'),(79,'Advanced Cybersecurity Research',117,9000.00,'10 Month',2025,9,'6631205226','2025-08-19 07:02:32','2025-08-19 07:02:32'),(80,'Security Innovation Conference',118,4600.00,'5 Month',2025,9,'6631205226','2025-08-19 07:02:32','2025-08-19 07:02:32');
/*!40000 ALTER TABLE `budget_projects` ENABLE KEYS */;
UNLOCK TABLES;

--
-- Table structure for table `lecturer_education`
--

DROP TABLE IF EXISTS `lecturer_education`;
/*!40101 SET @saved_cs_client     = @@character_set_client */;
/*!50503 SET character_set_client = utf8mb4 */;
CREATE TABLE `lecturer_education` (
  `id` int NOT NULL AUTO_INCREMENT,
  `staff_code` varchar(20) DEFAULT NULL,
  `degree` varchar(100) DEFAULT NULL,
  `institution` varchar(100) DEFAULT NULL,
  `year` int DEFAULT NULL,
  PRIMARY KEY (`id`),
  KEY `staff_code` (`staff_code`),
  CONSTRAINT `lecturer_education_ibfk_1` FOREIGN KEY (`staff_code`) REFERENCES `lecturer_profiles` (`staff_code`)
) ENGINE=InnoDB AUTO_INCREMENT=31 DEFAULT CHARSET=utf8mb4 COLLATE=utf8mb4_0900_ai_ci;
/*!40101 SET character_set_client = @saved_cs_client */;

--
-- Dumping data for table `lecturer_education`
--

LOCK TABLES `lecturer_education` WRITE;
/*!40000 ALTER TABLE `lecturer_education` DISABLE KEYS */;
INSERT INTO `lecturer_education` VALUES (1,'6431703502','Ph.D. in Accounting','Chulalongkorn University',2018),(2,'6431703502','M.B.A.','Thammasat University',2014),(3,'6431703502','B.B.A. in Accounting','Kasetsart University',2012),(4,'6531503017','Ph.D. in Business Administration','Mae Fah Luang University',2020),(5,'6531503017','M.B.A.','Chiang Mai University',2016),(6,'6531503017','B.B.A.','Khon Kaen University',2014),(7,'6531503069','Ph.D. in Economics','Mahidol University',2019),(8,'6531503069','M.A. in Economics','Chulalongkorn University',2015),(9,'6531503069','B.A. in Economics','Thammasat University',2013),(10,'6531503070','Ph.D. in Tourism Management','Prince of Songkla University',2021),(11,'6531503070','M.B.A. in Tourism','Chiang Mai University',2017),(12,'6531503070','B.B.A. in Tourism','Srinakharinwirot University',2015),(13,'6531503074','Ph.D. in Aviation Management','Embry-Riddle Aeronautical University',2020),(14,'6531503074','M.S. in Aviation','Kasetsart University',2016),(15,'6531503074','B.S. in Aviation Technology','King Mongkut University',2014),(16,'6531503137','Ph.D. in Hospitality Management','Cornell University',2019),(17,'6531503137','M.S. in Hotel Administration','Mae Fah Luang University',2015),(18,'6531503137','B.B.A. in Hotel Management','Assumption University',2013),(19,'6531503172','Ph.D. in Management','Mae Fah Luang University',2020),(20,'6531503172','M.B.A.','Chulalongkorn University',2015),(21,'6531503172','B.B.A.','Chiang Mai University',2012),(22,'6531503174','Ph.D. in Business Administration','Thammasat University',2018),(23,'6531503174','M.B.A.','Mahidol University',2014),(24,'6531503174','B.B.A.','Bangkok University',2012),(25,'6531503176','Ph.D. in Economics','Chiang Mai University',2021),(26,'6531503176','M.A. in Economics','Kasetsart University',2017),(27,'6531503176','B.A. in Economics','Chulalongkorn University',2015),(28,'6631205226','Ph.D. in Tourism and Hospitality','Mahidol University',2020),(29,'6631205226','M.B.A. in Tourism','Prince of Songkla University',2016),(30,'6631205226','B.B.A. in Tourism','Suan Dusit University',2014);
/*!40000 ALTER TABLE `lecturer_education` ENABLE KEYS */;
UNLOCK TABLES;

--
-- Table structure for table `lecturer_profiles`
--

DROP TABLE IF EXISTS `lecturer_profiles`;
/*!40101 SET @saved_cs_client     = @@character_set_client */;
/*!50503 SET character_set_client = utf8mb4 */;
CREATE TABLE `lecturer_profiles` (
  `staff_code` varchar(20) NOT NULL,
  `staff_name` varchar(100) DEFAULT NULL,
  `phone` varchar(20) DEFAULT NULL,
  `location` varchar(100) DEFAULT NULL,
  `program` varchar(100) DEFAULT NULL,
  `position` varchar(50) DEFAULT NULL,
  `email` varchar(255) DEFAULT NULL,
  PRIMARY KEY (`staff_code`),
  KEY `idx_lecturer_profiles_email` (`email`)
) ENGINE=InnoDB DEFAULT CHARSET=utf8mb4 COLLATE=utf8mb4_0900_ai_ci;
/*!40101 SET character_set_client = @saved_cs_client */;

--
-- Dumping data for table `lecturer_profiles`
--

LOCK TABLES `lecturer_profiles` WRITE;
/*!40000 ALTER TABLE `lecturer_profiles` DISABLE KEYS */;
INSERT INTO `lecturer_profiles` VALUES ('45210012','Assistant Professor Dr. Apisom Intralawan','081-000-0001','Chiang Rai, Thailand','Business Administration','Assistant Professor','intraa@mfu.ac.th'),('46212058','Ajarn Dr. Chachaya Yodsuwan','081-000-0002','Chiang Rai, Thailand','Business Administration','Ajarn','chachaya@mfu.ac.th'),('46212130','Ajarn Supannika Khuanmuang','081-000-0003','Chiang Rai, Thailand','Business Administration','Ajarn','supannika.khu@mfu.ac.th'),('48212025','Ajarn Rapipong Promnart','081-000-0004','Chiang Rai, Thailand','Business Administration','Ajarn','rapipong@mfu.ac.th'),('49210074','Ajarn Sudsiri Rungruang','081-000-0005','Chiang Rai, Thailand','Business Administration','Ajarn','sudsiri.run@mfu.ac.th'),('49212075','Ajarn Dr. Piyatida Pianluprasidh','081-000-0006','Chiang Rai, Thailand','Business Administration','Ajarn','piyatida@mfu.ac.th'),('52212018','Assistant Professor Dr. Chatrudee Jongsureyapart','081-000-0007','Chiang Rai, Thailand','Business Administration','Assistant Professor','chatrudee.jon@mfu.ac.th'),('53212053','Ajarn Ekawee Vinitkhatkumnuen','081-000-0008','Chiang Rai, Thailand','Business Administration','Ajarn','ekawee.vin@mfu.ac.th'),('54212008','Ajarn Dr. Pornpimol Chaisanit','081-000-0009','Chiang Rai, Thailand','Business Administration','Ajarn','pornpimol.cha@mfu.ac.th'),('54212096','Ajarn Dr. Pornwasin Sirisawat','081-000-0010','Chiang Rai, Thailand','Business Administration','Ajarn','pornwasin.sir@mfu.ac.th'),('55212008','Assistant Professor Dr. Narat Hasachoo','081-000-0011','Chiang Rai, Thailand','Business Administration','Assistant Professor','narat.has@mfu.ac.th'),('56212015','Ajarn Dr. Pratsanee Na Keeree','081-000-0012','Chiang Rai, Thailand','Business Administration','Ajarn','pratsanee.nak@mfu.ac.th'),('56212026','Assistant Professor Dr. Tipavinee Suwanwong Rodbundith','081-000-0013','Chiang Rai, Thailand','Business Administration','Assistant Professor','tipavinee.suw@mfu.ac.th'),('56212063','Assistant Professor Dr. Tarittawan Chareanporn','081-000-0014','Chiang Rai, Thailand','Business Administration','Assistant Professor','tarittawan.cha@mfu.ac.th'),('56212106','Ajarn Dr. Parinyakorn Paengsri','081-000-0015','Chiang Rai, Thailand','Business Administration','Ajarn','parinyakorn.pae@mfu.ac.th'),('56212113','Assistant Professor Dr. Nattapan Kongbuamai','081-000-0016','Chiang Rai, Thailand','Business Administration','Assistant Professor','6531503017@lamduan.mfu.ac.th'),('57212016','Assistant Professor Krit Sittivangkul','081-000-0017','Chiang Rai, Thailand','Business Administration','Assistant Professor','test@gmail.com'),('57212087','Assistant Professor Dr. Athitaya Pathan','081-000-0018','Chiang Rai, Thailand','Business Administration','Assistant Professor','6531503176@lamduan.mfu.ac.th'),('57212116','Ajarn Anvar Variskhanov','081-000-0019','Chiang Rai, Thailand','Business Administration','Ajarn','anvar.var@mfu.ac.th'),('57212154','Ajarn Dr. Korawit Fakkhong','081-000-0020','Chiang Rai, Thailand','Business Administration','Ajarn','korawit.fak@mfu.ac.th'),('58212017','Ajarn Dr. Samatthachai Yamsa-ard','081-000-0021','Chiang Rai, Thailand','Business Administration','Ajarn','samatthachai.yam@mfu.ac.th'),('58212129','Ajarn Dr. Warawut Ruankham','081-000-0022','Chiang Rai, Thailand','Business Administration','Ajarn','warawut.rua@mfu.ac.th'),('58212221','Ajarn Thunwa Kaewket','081-000-0023','Chiang Rai, Thailand','Business Administration','Ajarn','thunwa.kae@mfu.ac.th'),('59212025','Ajarn Paponpat taveeapiradeecharoen','081-000-0024','Chiang Rai, Thailand','Business Administration','Ajarn','paponpat.tav@mfu.ac.th'),('60212071','Assistant Professor Piyanart Junkrachang','081-000-0025','Chiang Rai, Thailand','Business Administration','Assistant Professor','piyanart.jun@mfu.ac.th'),('60212205','Ajarn Dulyaluk Butkhunthong','081-000-0026','Chiang Rai, Thailand','Business Administration','Ajarn','dulyaluk.but@mfu.ac.th'),('61212038','Ajarn Chun Jiang','081-000-0027','Chiang Rai, Thailand','Business Administration','Ajarn','chun.jia@mfu.ac.th'),('61212115','Assistant Professor Dr. Popkarn Arwatchanakarn','081-000-0028','Chiang Rai, Thailand','Business Administration','Assistant Professor','popkarn.arw@mfu.ac.th'),('61212204','Assistant Professor Muhammad Syukur','081-000-0029','Chiang Rai, Thailand','Business Administration','Assistant Professor','muhammad.syu@mfu.ac.th'),('62212055','Ajarn Dr. Justin Kraemer','081-000-0030','Chiang Rai, Thailand','Business Administration','Ajarn','justin.kra@mfu.ac.th'),('62212117','Assistant Professor Teeris Thepchalerm','081-000-0031','Chiang Rai, Thailand','Business Administration','Assistant Professor','teeris.the@mfu.ac.th'),('63212199','Assistant Professor Dr. Tosporn Arreeras','081-000-0032','Chiang Rai, Thailand','Business Administration','Assistant Professor','tosporn.arr@mfu.ac.th'),('64212045','Ajarn Wachira Ponboon','081-000-0033','Chiang Rai, Thailand','Business Administration','Ajarn','wachira.pon@mfu.ac.th'),('64212188','Ajarn Dr. Sunida Tiwong','081-000-0034','Chiang Rai, Thailand','Business Administration','Ajarn','sunida.tiw@mfu.ac.th'),('64212268','Assistant Professor Dr. Panita Rachapaettayakom','081-000-0035','Chiang Rai, Thailand','Business Administration','Assistant Professor','panita.rac@mfu.ac.th'),('64212282','Ajarn Donlapon Suwanthep','081-000-0036','Chiang Rai, Thailand','Business Administration','Ajarn','donlapon.suw@mfu.ac.th'),('6431703502','Dr. Shwe Yee Oo','081-234-5678','Chiang Rai, Thailand','Accounting Program','Associate Professor','6431203523@lamduan.mfu.ac.th'),('65212073','Ajarn Dzakiyy Hadiyan Achyar','081-000-0037','Chiang Rai, Thailand','Business Administration','Ajarn','dzakiyy.ach@mfu.ac.th'),('65212150','Ajarn Dr. Lahcene Makhloufi','081-000-0038','Chiang Rai, Thailand','Business Administration','Ajarn','lahcene.mak@mfu.ac.th'),('65212167','Ajarn Dr. Supansa Chaising','081-000-0039','Chiang Rai, Thailand','Business Administration','Ajarn','6531503172@lamduan.mfu.ac.th'),('65212205','Acting Sub Lt. Ajarn Dr. Patipat Tunming','081-000-0040','Chiang Rai, Thailand','Business Administration','Ajarn','patipat.tun@mfu.ac.th'),('65212219','Ajarn Dr. Siripen Yiamjanya','081-000-0041','Chiang Rai, Thailand','Business Administration','Ajarn','siripen.yia@mfu.ac.th'),('65212262','Ajarn Dr. Matej Balen','081-000-0042','Chiang Rai, Thailand','Business Administration','Ajarn','matej.bal@mfu.ac.th'),('6531503017','Dr. Churanipuk Sabaijai','081-345-6789','Chiang Rai, Thailand','Business Administration','Assistant Professor','temporary@gmail.com'),('6531503069','Dr. Rawisara Aiamoon','081-456-7890','Chiang Rai, Thailand','Economics Program','Associate Professor','6531503069@lamduan.mfu.ac.th'),('6531503070','Dr. Ratcanon Suwatsiriphol','081-567-8901','Chiang Rai, Thailand','Tourism Management','Assistant Professor','6531503070@lamduan.mfu.ac.th'),('6531503074','User 6531503074','081-678-9012','Chiang Rai, Thailand','Aviation Management','Associate Professor',NULL),('6531503137','Dr. Chit Min Thu','081-789-0123','Chiang Rai, Thailand','Hospitality Management','Assistant Professor','6531503137@lamduan.mfu.ac.th'),('6531503172','Dr. Phyo Min Thein','081-890-1234','Chiang Rai, Thailand','Accounting Program','Assistant Professor','phyo.minthein@mfu.ac.th'),('6531503174','Dr. Phyo Thiha','081-901-2345','Chiang Rai, Thailand','Business Administration','Associate Professor','6531503174@lamduan.mfu.ac.th'),('6531503176','Dr. Sai Myat Min Han','081-012-3456','Chiang Rai, Thailand','Economics Program','Assistant Professor','myatminhan.com'),('66212042','Ajarn Kasidit Saraphon','081-000-0043','Chiang Rai, Thailand','Business Administration','Ajarn','kasidit.sar@mfu.ac.th'),('66212127','Ajarn Dr. Kasidech Treethong','081-000-0044','Chiang Rai, Thailand','Business Administration','Ajarn','kasidech.tre@mfu.ac.th'),('66212133','Ajarn Dr. Natacha Maswichian','081-000-0045','Chiang Rai, Thailand','Business Administration','Ajarn','natacha.mas@mfu.ac.th'),('6631205226','Dr. Youn Shwe Yie Moe','081-123-4567','Chiang Rai, Thailand','Tourism Management','Associate Professor','6631205226@lamduan.mfu.ac.th'),('67212021','Ajarn Wayoon Akesakulpaibool','081-000-0046','Chiang Rai, Thailand','Business Administration','Ajarn','wayoon.ake@mfu.ac.th'),('67212030','Ajarn Dr. Mihlayifani Nicholas Nyoni','081-000-0047','Chiang Rai, Thailand','Business Administration','Ajarn','mihlayifani.nyo@mfu.ac.th'),('67212038','Ajarn Ubolkarn Petchluan','081-000-0048','Chiang Rai, Thailand','Business Administration','Ajarn','ubolkarn.petch@mfu.ac.th'),('67212095','Ajarn Dr. Piranun Juntapoon','081-000-0049','Chiang Rai, Thailand','Business Administration','Ajarn','piranun.jun@mfu.ac.th');
/*!40000 ALTER TABLE `lecturer_profiles` ENABLE KEYS */;
UNLOCK TABLES;

--
-- Table structure for table `lecturer_publications`
--

DROP TABLE IF EXISTS `lecturer_publications`;
/*!40101 SET @saved_cs_client     = @@character_set_client */;
/*!50503 SET character_set_client = utf8mb4 */;
CREATE TABLE `lecturer_publications` (
  `id` int NOT NULL AUTO_INCREMENT,
  `staff_code` varchar(20) NOT NULL,
  `title` varchar(500) NOT NULL,
  `authors` varchar(500) NOT NULL,
  `venue` varchar(500) NOT NULL,
  `year` int NOT NULL,
  `link` varchar(500) DEFAULT '#',
  `evaluateid` int NOT NULL DEFAULT '9',
  `created_at` timestamp NULL DEFAULT CURRENT_TIMESTAMP,
  `updated_at` timestamp NULL DEFAULT CURRENT_TIMESTAMP ON UPDATE CURRENT_TIMESTAMP,
  PRIMARY KEY (`id`),
  KEY `idx_staff_code` (`staff_code`),
  KEY `idx_year` (`year`),
  KEY `idx_evaluateid` (`evaluateid`),
  CONSTRAINT `fk_publications_staff` FOREIGN KEY (`staff_code`) REFERENCES `lecturer_profiles` (`staff_code`) ON DELETE CASCADE
) ENGINE=InnoDB AUTO_INCREMENT=94 DEFAULT CHARSET=utf8mb4 COLLATE=utf8mb4_0900_ai_ci;
/*!40101 SET character_set_client = @saved_cs_client */;

--
-- Dumping data for table `lecturer_publications`
--

LOCK TABLES `lecturer_publications` WRITE;
/*!40000 ALTER TABLE `lecturer_publications` DISABLE KEYS */;
INSERT INTO `lecturer_publications` VALUES (1,'6531503174','Advanced Machine Learning Techniques in Educational Data Mining','Chaising, S., Temdee, P., & Kumar, R.','IEEE Transactions on Education, 66(2), 156-169',2023,'https://doi.org/10.1109/TE.2023.3245678',6,'2025-08-21 18:45:43','2025-08-21 19:25:26'),(2,'6531503174','Blockchain-Based Framework for Secure Academic Credential Verification','Chaising, S., & Temdee, P.','Journal of Information Security and Applications, 45, 102-115',2023,'https://doi.org/10.1016/j.jisa.2023.103234',6,'2025-08-21 18:45:43','2025-08-21 19:25:26'),(3,'6531503174','Classification Approach for Industry Standards Categorization','Chaisricharoen, R., Srimaharaj, W., Chaising, S., & Pamanee, K.','In 2022 Joint International Conference on Digital Arts, Media and Technology... (pp. 308-313). IEEE.',2022,'https://doi.org/10.1109/ICDAMT.2022.9876543',4,'2025-08-21 18:45:43','2025-08-21 19:25:26'),(4,'6531503174','Deep Learning Applications in Educational Technology','Chaising, S., Kumar, R., & Smith, J.','Educational Technology Research and Development, 70(3), 789-805',2022,'https://doi.org/10.1007/s11423-022-10123-4',4,'2025-08-21 18:45:43','2025-08-21 19:25:26'),(5,'6531503174','Artificial Intelligence in Higher Education: A Systematic Review','Chaising, S., & Johnson, M.','International Journal of Educational Technology in Higher Education, 19(1), 1-25',2022,'https://doi.org/10.1186/s41239-022-00345-6',3,'2025-08-21 18:45:43','2025-08-21 19:25:26'),(6,'6531503174','Average weighted objective distance-based method for type 2 diabetes prediction','Nuankaew, P., Chaising, S., & Temdee, P.','IEEE Access, 9, 137015-137028.',2021,'https://doi.org/10.1109/ACCESS.2021.3118765',2,'2025-08-21 18:45:43','2025-08-21 19:25:26'),(7,'6531503174','Blockchain-based Trusty Buyer Coalition Scheme Using A Group Signature','Boongsame, L., Chaising, S., & Temdee, P.','Journal of Mobile Multimedia, 203-230.',2021,'https://doi.org/10.13052/jmm1550-4646.17234',2,'2025-08-21 18:45:43','2025-08-21 19:25:26'),(8,'6531503174','Individual Attribute Selection Using Information Gain based Distance for Group Classification of Elderly People with Hypertension','Chaising, S., Temdee, P., & Prasad, R.','IEEE Access, 9, 82713-82725.',2021,'https://doi.org/10.1109/ACCESS.2021.3087432',1,'2025-08-21 18:45:43','2025-08-21 19:25:26'),(9,'6531503174','Machine Learning for Student Performance Prediction','Chaising, S., & Wilson, K.','Computers & Education, 155, 103912',2024,'https://doi.org/10.1016/j.compedu.2024.104912',8,'2025-08-21 18:45:43','2025-08-21 19:25:26'),(10,'6531503174','Data Mining Techniques in Educational Research','Chaising, S., Brown, A., & Davis, R.','Journal of Educational Data Mining, 12(2), 45-67',2024,'https://doi.org/10.1007/s10639-024-12345-7',8,'2025-08-21 18:45:43','2025-08-21 19:25:26'),(11,'6531503174','Predictive Analytics in Higher Education','Chaising, S., & Anderson, P.','International Journal of Educational Technology, 7(4), 89-104',2024,'https://doi.org/10.1080/1475939X.2024.2234567',7,'2025-08-21 18:45:43','2025-08-21 19:25:26'),(12,'6531503172','A Novel Approach to Sentiment Analysis','Thein, P.M., Kumar, R., & Smith, J.','Journal of Data Science, 45(3), 234-247',2024,'https://doi.org/10.1016/j.jds.2024.03.012',8,'2025-08-21 18:45:43','2025-08-21 19:25:26'),(13,'6531503172','Machine Learning in Education','Thein, P.M., & Johnson, A.','International Conference on AI in Education Proceedings',2023,'https://doi.org/10.1109/AIED.2023.8756432',6,'2025-08-21 18:45:43','2025-08-21 19:25:26'),(14,'6531503172','Optimizing Research Collaboration','Thein, P.M., Brown, K., & Davis, L.','Research Management Review, 12(4), 89-102',2023,'https://doi.org/10.1080/09537325.2023.2187654',5,'2025-08-21 18:45:43','2025-08-21 19:25:26'),(15,'6431703502','Financial Analytics in Higher Education','Wongkham, A., & Peterson, R.','Journal of Educational Finance, 28(2), 145-162',2023,'https://doi.org/10.1016/j.tourman.2024.104567',6,'2025-08-21 18:45:43','2025-08-21 19:25:26'),(16,'6431703502','Budget Optimization Strategies','Wongkham, A., Smith, M., & Brown, T.','International Conference on Educational Management',2022,'https://doi.org/10.1080/1743873X.2023.2187654',4,'2025-08-21 18:45:43','2025-08-21 19:25:26'),(17,'6431703502','Resource Allocation in Academic Institutions','Wongkham, A., & Kumar, S.','Educational Administration Quarterly, 58(3), 412-435',2022,'https://doi.org/10.1177/1467358422123456',3,'2025-08-21 18:45:43','2025-08-21 19:25:26'),(18,'6531503017','Digital Transformation in Education','Thanakit, S., & Wilson, J.','Computers & Education, 178, 104-118',2023,'https://doi.org/10.1002/jtr.2456',6,'2025-08-21 18:45:43','2025-08-21 19:25:26'),(19,'6531503017','E-Learning Platform Development','Thanakit, S., Kumar, A., & Davis, R.','Educational Technology & Society, 25(2), 89-103',2022,'https://doi.org/10.1016/j.foodchem.2024.138765',4,'2025-08-21 18:45:43','2025-08-21 19:25:26'),(20,'6531503017','Student Engagement in Online Learning','Thanakit, S., & Brown, M.','Distance Education, 43(1), 67-84',2021,'https://doi.org/10.1007/s13197-023-05678-9',2,'2025-08-21 18:45:43','2025-08-21 19:25:26'),(21,'6531503069','Advanced Statistical Methods in Business Analytics','Choosri, R., & Anderson, P.','Journal of Business Analytics, 15(3), 78-95',2024,'https://doi.org/10.1016/j.lwt.2022.113456',8,'2025-08-21 18:45:43','2025-08-21 19:25:26'),(22,'6531503069','Data Visualization Techniques for Management Decision Making','Choosri, R., Smith, K., & Johnson, L.','Management Science Review, 42(2), 156-173',2023,'https://doi.org/10.1080/10408398.2021.1987654',6,'2025-08-21 18:45:43','2025-08-21 19:25:26'),(23,'6531503069','Predictive Modeling in Supply Chain Management','Choosri, R., & Wilson, M.','International Journal of Operations Research, 28(4), 234-251',2022,'https://doi.org/10.1080/01446193.2024.2234567',4,'2025-08-21 18:45:43','2025-08-21 19:25:26'),(24,'6531503069','Machine Learning Applications in Financial Forecasting','Choosri, R., Brown, T., & Davis, S.','Financial Technology Journal, 19(1), 45-62',2021,'https://doi.org/10.1287/mnsc.2023.4567',2,'2025-08-21 18:45:43','2025-08-21 19:25:26'),(25,'6531503070','Sustainable Tourism Development in Southeast Asia','Phakdee, S., & Kumar, R.','Tourism Management, 89, 104-118',2024,'https://doi.org/10.1080/03155986.2022.2087654',8,'2025-08-21 18:45:43','2025-08-21 19:25:26'),(26,'6531503070','Cultural Heritage Tourism and Community Development','Phakdee, S., Johnson, A., & Smith, B.','Journal of Heritage Tourism, 18(2), 67-84',2023,'https://doi.org/10.1080/14697688.2021.1987654',6,'2025-08-21 18:45:43','2025-08-21 19:25:26'),(27,'6531503070','Digital Marketing Strategies for Tourism Industry','Phakdee, S., & Wilson, K.','Tourism and Hospitality Research, 23(3), 189-206',2022,'https://doi.org/10.1016/j.tourman.2024.104789',4,'2025-08-21 18:45:43','2025-08-21 19:25:26'),(28,'6531503070','Impact of COVID-19 on Tourism Recovery Strategies','Phakdee, S., Brown, M., & Davis, L.','International Journal of Tourism Research, 24(1), 23-40',2021,'https://doi.org/10.1080/1743873X.2023.2198765',2,'2025-08-21 18:45:43','2025-08-21 19:25:26'),(29,'6531503074','Electronic Circuit Design for IoT Applications','Jaikla, N., & Peterson, R.','IEEE Transactions on Circuits and Systems, 71(4), 234-247',2024,'https://doi.org/10.1177/1467358422134567',8,'2025-08-21 18:45:43','2025-08-21 19:25:26'),(30,'6531503074','Analog Signal Processing in Modern Communication Systems','Jaikla, N., Kumar, S., & Johnson, T.','Journal of Electronic Engineering, 45(2), 89-106',2023,'https://doi.org/10.1002/jtr.2567',6,'2025-08-21 18:45:43','2025-08-21 19:25:26'),(31,'6531503074','VLSI Design Optimization Techniques','Jaikla, N., & Smith, A.','Microelectronics Journal, 128, 105-122',2022,'https://doi.org/10.1109/TCAS1.2024.3387654',4,'2025-08-21 18:45:43','2025-08-21 19:25:26'),(32,'6531503074','Power Management in Embedded Systems','Jaikla, N., Brown, K., & Wilson, M.','IEEE Embedded Systems Letters, 13(3), 67-74',2021,'https://doi.org/10.1007/s10825-023-02034-5',2,'2025-08-21 18:45:43','2025-08-21 19:25:26'),(33,'6531503137','Blockchain Technology in Supply Chain Management','Bualert, K., & Anderson, L.','Supply Chain Management Review, 28(4), 156-173',2024,'https://doi.org/10.1016/j.mejo.2022.105456',8,'2025-08-21 18:45:43','2025-08-21 19:25:26'),(34,'6531503137','Digital Transformation in Manufacturing Industries','Bualert, K., Johnson, P., & Smith, R.','International Journal of Production Research, 62(8), 234-251',2023,'https://doi.org/10.1109/LES.2021.3087654',6,'2025-08-21 18:45:43','2025-08-21 19:25:26'),(35,'6531503137','Industry 4.0 Implementation Strategies','Bualert, K., & Wilson, T.','Journal of Manufacturing Systems, 68, 89-106',2022,'https://doi.org/10.1080/13675567.2024.2234567',4,'2025-08-21 18:45:43','2025-08-21 19:25:26'),(36,'6531503137','Lean Manufacturing and Quality Management','Bualert, K., Brown, S., & Davis, M.','Quality Engineering, 34(2), 45-62',2021,'https://doi.org/10.1080/00207543.2023.2187654',2,'2025-08-21 18:45:43','2025-08-21 19:25:26'),(37,'6531503176','Advanced Materials for Aerospace Applications','Fakkhong, K., & Kumar, A.','Materials Science and Engineering, 845, 138-155',2024,'https://doi.org/10.1016/j.jmsy.2022.05.012',8,'2025-08-21 18:45:44','2025-08-21 19:25:26'),(38,'6531503176','Composite Materials in Automotive Industry','Fakkhong, K., Peterson, B., & Johnson, C.','Composites Science and Technology, 234, 109-126',2023,'https://doi.org/10.1080/08982112.2021.1987654',6,'2025-08-21 18:45:44','2025-08-21 19:25:26'),(39,'6531503176','Nanomaterials for Energy Storage Applications','Fakkhong, K., & Smith, D.','Journal of Energy Storage, 56, 234-251',2022,'https://doi.org/10.1016/j.msea.2024.146789',4,'2025-08-21 18:45:44','2025-08-21 19:25:26'),(40,'6531503176','Biomaterials for Medical Device Applications','Fakkhong, K., Wilson, E., & Brown, F.','Biomaterials, 289, 121-138',2021,'https://doi.org/10.1016/j.compscitech.2023.110234',2,'2025-08-21 18:45:44','2025-08-21 19:25:26'),(41,'6631205226','Artificial Intelligence in Healthcare Systems','Suttinun, W., & Anderson, G.','Journal of Medical Internet Research, 26(4), e45123',2024,'https://doi.org/10.1016/j.est.2022.105678',8,'2025-08-21 18:45:44','2025-08-21 19:25:26'),(42,'6631205226','Machine Learning for Medical Diagnosis','Suttinun, W., Johnson, H., & Smith, I.','Nature Medicine, 29(8), 1234-1241',2023,'https://doi.org/10.1016/j.biomaterials.2021.121345',6,'2025-08-21 18:45:44','2025-08-21 19:25:26'),(43,'6631205226','Deep Learning Applications in Radiology','Suttinun, W., & Kumar, J.','Radiology, 308(2), 156-173',2022,'https://doi.org/10.2196/45123',4,'2025-08-21 18:45:44','2025-08-21 19:25:26'),(44,'6631205226','Computer Vision in Medical Imaging','Suttinun, W., Peterson, K., & Wilson, L.','Medical Image Analysis, 67, 101-118',2021,'https://doi.org/10.1038/s41591-023-02456-7',2,'2025-08-21 18:45:44','2025-08-21 19:25:26'),(45,'6531503174','Future Trends in Educational Analytics','Chaising, S., & Kumar, M.','Educational Technology Research, 73(1), 45-62',2025,'https://doi.org/10.1148/radiol.220456',9,'2025-08-21 18:45:44','2025-08-21 19:25:26'),(46,'6531503174','Learning Management Systems Evolution','Chaising, S., Johnson, N., & Smith, O.','Computers & Education, 195, 104-121',2024,'https://doi.org/10.1016/j.media.2021.102234',7,'2025-08-21 18:45:44','2025-08-21 19:25:26'),(47,'6531503174','Student Performance Prediction Models','Chaising, S., & Wilson, P.','Educational Data Mining, 15(3), 78-95',2023,'https://doi.org/10.1007/s10639-025-11234-5',5,'2025-08-21 18:45:44','2025-08-21 19:25:26'),(48,'6531503174','Adaptive Learning Technologies','Chaising, S., Brown, Q., & Davis, R.','Journal of Educational Technology, 58(4), 189-206',2022,'https://doi.org/10.1016/j.compedu.2024.104321',3,'2025-08-21 18:45:44','2025-08-21 19:25:26'),(49,'6531503174','E-Learning Platform Optimization','Chaising, S., & Anderson, S.','Distance Education, 42(1), 23-40',2021,'https://doi.org/10.1080/1475939X.2025.2345678',1,'2025-08-21 18:45:44','2025-08-21 19:25:26'),(50,'6531503172','Advanced Natural Language Processing','Thein, P.M., & Kumar, T.','Computational Linguistics, 51(2), 234-251',2025,'https://www.google.com',9,'2025-08-21 18:45:44','2025-08-21 19:21:45'),(51,'6531503172','Deep Learning for Text Analysis','Thein, P.M., Johnson, U., & Smith, V.','Journal of Machine Learning Research, 25, 1567-1584',2024,'https://doi.org/10.1007/s10994-024-06234-1',7,'2025-08-21 18:45:44','2025-08-21 19:25:26'),(52,'6531503172','Collaborative Learning Platforms','Thein, P.M., & Wilson, W.','Educational Technology & Society, 25(4), 156-173',2022,'https://doi.org/10.1016/j.compedu.2022.104567',3,'2025-08-21 18:45:44','2025-08-21 19:25:26'),(53,'6531503172','Data Mining in Educational Systems','Thein, P.M., Brown, X., & Davis, Y.','Knowledge Discovery in Databases, 18(2), 89-106',2021,'https://doi.org/10.1007/s10639-021-10543-2',1,'2025-08-21 18:45:44','2025-08-21 19:25:26'),(54,'6431703502','AI-Driven Financial Planning in Education','Wongkham, A., & Kumar, Z.','Journal of Educational Finance, 31(1), 45-62',2025,'https://doi.org/10.1080/09645292.2025.2123456',9,'2025-08-21 18:45:44','2025-08-21 19:30:44'),(55,'6431703502','Blockchain in Educational Finance','Wongkham, A., Johnson, A1., & Smith, B1.','Educational Management Review, 47(3), 78-95',2024,'https://doi.org/10.1080/09639284.2024.2234567',7,'2025-08-21 18:45:44','2025-08-21 19:30:44'),(56,'6431703502','Cost-Benefit Analysis in Higher Education','Wongkham, A., & Wilson, C1.','Higher Education Policy, 35(2), 234-251',2023,'https://doi.org/10.1080/17508487.2023.2345678',5,'2025-08-21 18:45:44','2025-08-21 19:30:44'),(57,'6431703502','Financial Sustainability Models','Wongkham, A., Brown, D1., & Davis, E1.','Educational Economics, 30(4), 189-206',2021,'https://doi.org/10.1080/09645292.2021.1987654',1,'2025-08-21 18:45:44','2025-08-21 19:30:44'),(58,'6531503017','Metaverse in Educational Technology','Thanakit, S., & Kumar, F1.','Virtual Reality in Education, 8(1), 23-40',2025,'https://doi.org/10.1007/s10055-025-00789-1',9,'2025-08-21 18:45:44','2025-08-21 19:30:44'),(59,'6531503017','AR/VR Learning Environments','Thanakit, S., Johnson, G1., & Smith, H1.','Immersive Learning Research, 12(3), 67-84',2024,'https://doi.org/10.1007/s11423-024-10234-5',7,'2025-08-21 18:45:44','2025-08-21 19:30:44'),(60,'6531503017','Mobile Learning Applications','Thanakit, S., & Wilson, I1.','Mobile Learning and Technology, 15(2), 156-173',2023,'https://doi.org/10.1016/j.compedu.2023.104567',5,'2025-08-21 18:45:44','2025-08-21 19:30:44'),(61,'6531503017','Gamification in Online Education','Thanakit, S., Brown, J1., & Davis, K1.','Game-Based Learning, 9(4), 234-251',2022,'https://doi.org/10.1007/s40692-022-00234-1',3,'2025-08-21 18:45:44','2025-08-21 19:30:44'),(62,'6531503017','Interactive Learning Systems Design','Thanakit, S., & Anderson, L1.','Educational Interface Design, 6(1), 89-106',2021,'https://doi.org/10.1016/j.ijhcs.2021.102567',1,'2025-08-21 18:45:44','2025-08-21 19:30:44'),(63,'6531503069','Quantum Computing in Business Analytics','Choosri, R., & Kumar, M1.','Quantum Business Intelligence, 3(1), 12-29',2025,'https://doi.org/10.1007/s11128-025-03456-7',9,'2025-08-21 18:45:44','2025-08-21 19:30:44'),(64,'6531503069','Advanced AI for Decision Support Systems','Choosri, R., Johnson, N1., & Smith, O1.','Decision Sciences, 55(2), 345-362',2024,'https://doi.org/10.1287/deca.2024.0456',7,'2025-08-21 18:45:44','2025-08-21 19:30:44'),(65,'6531503069','Big Data Analytics in Operations','Choosri, R., & Wilson, P1.','Operations Research Letters, 51(3), 178-195',2023,'https://doi.org/10.1016/j.orl.2023.05.012',5,'2025-08-21 18:45:44','2025-08-21 19:30:44'),(66,'6531503069','Statistical Learning for Business Intelligence','Choosri, R., Brown, Q1., & Davis, R1.','Business Analytics Journal, 18(4), 267-284',2022,'https://doi.org/10.1016/j.dss.2022.113567',3,'2025-08-21 18:45:44','2025-08-21 19:30:44'),(67,'6531503069','Data Mining Techniques for Market Analysis','Choosri, R., & Anderson, S1.','Market Research Analytics, 14(1), 45-62',2021,'https://doi.org/10.1016/j.jbusres.2021.04.023',1,'2025-08-21 18:45:44','2025-08-21 19:30:44'),(68,'6531503070','AI-Powered Tourism Recommendation Systems','Phakdee, S., & Kumar, T1.','Tourism Technology Review, 15(1), 34-51',2025,'https://doi.org/10.1016/j.tourman.2025.104567',9,'2025-08-21 18:45:44','2025-08-21 19:30:44'),(69,'6531503070','Smart Tourism Destinations','Phakdee, S., Johnson, U1., & Smith, V1.','Smart Cities and Tourism, 8(2), 78-95',2024,'https://doi.org/10.1016/j.cities.2024.104234',7,'2025-08-21 18:45:44','2025-08-21 19:30:44'),(70,'6531503070','Eco-Tourism and Environmental Impact','Phakdee, S., & Wilson, W1.','Environmental Tourism Studies, 22(3), 156-173',2023,'https://doi.org/10.1016/j.jenvman.2023.117890',5,'2025-08-21 18:45:44','2025-08-21 19:30:44'),(71,'6531503070','Tourism Marketing in Digital Age','Phakdee, S., Brown, X1., & Davis, Y1.','Digital Tourism Marketing, 11(4), 234-251',2022,'https://doi.org/10.1016/j.jdmm.2022.100567',3,'2025-08-21 18:45:44','2025-08-21 19:30:44'),(72,'6531503070','Community-Based Tourism Development','Phakdee, S., & Anderson, Z1.','Community Tourism Journal, 7(1), 89-106',2021,'https://doi.org/10.1080/02508281.2021.1987654',1,'2025-08-21 18:45:44','2025-08-21 19:30:44'),(73,'6531503074','Neuromorphic Computing Circuits','Jaikla, N., & Kumar, A2.','IEEE Transactions on Neural Networks, 36(1), 123-140',2025,'https://doi.org/10.1109/TNNLS.2025.3234567',9,'2025-08-21 18:45:44','2025-08-21 19:30:44'),(74,'6531503074','Quantum Circuit Design Principles','Jaikla, N., Johnson, B2., & Smith, C2.','Quantum Electronics Letters, 28(2), 67-84',2024,'https://doi.org/10.1109/JQE.2024.3345678',7,'2025-08-21 18:45:44','2025-08-21 19:30:44'),(75,'6531503074','RF Circuit Design for 5G Applications','Jaikla, N., & Wilson, D2.','RF and Microwave Engineering, 45(3), 189-206',2023,'https://doi.org/10.1109/TMTT.2023.3456789',5,'2025-08-21 18:45:44','2025-08-21 19:30:44'),(76,'6531503074','Low-Power Circuit Design Techniques','Jaikla, N., Brown, E2., & Davis, F2.','Low-Power Electronics, 19(4), 234-251',2022,'https://doi.org/10.1109/TVLSI.2022.3567890',3,'2025-08-21 18:45:44','2025-08-21 19:30:44'),(77,'6531503074','Analog Circuit Optimization Methods','Jaikla, N., & Anderson, G2.','Analog Integrated Circuits, 12(1), 45-62',2021,'https://doi.org/10.1109/TCSI.2021.3678901',1,'2025-08-21 18:45:44','2025-08-21 19:30:44'),(78,'6531503137','AI in Smart Manufacturing','Bualert, K., & Kumar, H2.','AI Manufacturing Review, 9(1), 78-95',2025,'https://doi.org/10.1016/j.artint.2025.103567',9,'2025-08-21 18:45:44','2025-08-21 19:30:44'),(79,'6531503137','Robotics in Industrial Automation','Bualert, K., Johnson, I2., & Smith, J2.','Robotics and Automation, 41(2), 156-173',2024,'https://doi.org/10.1016/j.rcim.2024.102234',7,'2025-08-21 18:45:44','2025-08-21 19:30:44'),(80,'6531503137','IoT Integration in Manufacturing','Bualert, K., & Wilson, K2.','IoT in Industry, 16(3), 234-251',2023,'https://doi.org/10.1016/j.iot.2023.100567',5,'2025-08-21 18:45:44','2025-08-21 19:30:44'),(81,'6531503137','Supply Chain Digital Transformation','Bualert, K., Brown, L2., & Davis, M2.','Supply Chain Technology, 25(4), 89-106',2022,'https://doi.org/10.1016/j.procir.2022.05.123',3,'2025-08-21 18:45:44','2025-08-21 19:30:44'),(82,'6531503137','Manufacturing Process Optimization','Bualert, K., & Anderson, N2.','Process Engineering, 33(1), 23-40',2021,'https://doi.org/10.1016/j.jmapro.2021.04.067',1,'2025-08-21 18:45:44','2025-08-21 19:30:44'),(83,'6531503176','Smart Materials for Future Applications','Fakkhong, K., & Kumar, O2.','Smart Materials Research, 12(1), 45-62',2025,'https://doi.org/10.1016/j.mattod.2025.03.012',9,'2025-08-21 18:45:44','2025-08-21 19:30:44'),(84,'6531503176','Sustainable Materials Engineering','Fakkhong, K., Johnson, P2., & Smith, Q2.','Sustainable Materials, 18(2), 123-140',2024,'https://doi.org/10.1016/j.susmat.2024.e00567',7,'2025-08-21 18:45:44','2025-08-21 19:30:44'),(85,'6531503176','Advanced Polymer Composites','Fakkhong, K., & Wilson, R2.','Polymer Engineering, 34(3), 178-195',2023,'https://doi.org/10.1016/j.polymer.2023.125890',5,'2025-08-21 18:45:44','2025-08-21 19:30:44'),(86,'6531503176','Materials Characterization Techniques','Fakkhong, K., Brown, S2., & Davis, T2.','Materials Characterization, 67(4), 267-284',2022,'https://doi.org/10.1016/j.matchar.2022.111567',3,'2025-08-21 18:45:44','2025-08-21 19:30:44'),(87,'6631205226','Telemedicine Platform Development','Suttinun, W., & Anderson, U2.','Telemedicine Journal, 27(1), 67-84',2021,'https://doi.org/10.1016/j.ijmedinf.2021.104321',1,'2025-08-21 18:45:44','2025-08-21 19:28:18'),(88,'6631205226','Quantum Machine Learning in Healthcare','Suttinun, W., & Kumar, V2.','Quantum Healthcare, 4(1), 12-29',2025,'https://doi.org/10.1038/s41534-025-00789-1',9,'2025-08-21 18:45:44','2025-08-21 19:28:18'),(89,'6631205226','Federated Learning for Medical Data','Suttinun, W., Johnson, W2., & Smith, X2.','Medical AI Research, 31(2), 156-173',2024,'https://doi.org/10.1038/s41746-024-01123-4',7,'2025-08-21 18:45:44','2025-08-21 19:28:18'),(90,'6631205226','Wearable Health Monitoring Systems','Suttinun, W., & Wilson, Y2.','Wearable Technology in Medicine, 8(3), 234-251',2023,'https://doi.org/10.1109/JBHI.2023.3287654',5,'2025-08-21 18:45:44','2025-08-21 19:28:18'),(91,'6631205226','Electronic Health Records Analytics','Suttinun, W., Brown, Z2., & Davis, A3.','Health Informatics, 25(4), 89-106',2022,'https://doi.org/10.1016/j.ijmedinf.2022.104567',3,'2025-08-21 18:45:44','2025-08-21 19:28:18'),(92,'6631205226','Deep Learning Applications in Radiology','Suttinun, W., & Wilson, J.','Radiology: Artificial Intelligence, 5(3), e220089',2022,'https://doi.org/10.1148/radiol.2022220987',4,'2025-08-21 18:45:44','2025-08-21 19:28:18'),(93,'6631205226','Telemedicine Platform Development','Suttinun, W., Brown, K., & Davis, L.','Telemedicine and e-Health, 28(6), 567-584',2021,'https://doi.org/10.1016/j.ijmedinf.2021.104234',2,'2025-08-21 18:45:44','2025-08-21 19:28:18');
/*!40000 ALTER TABLE `lecturer_publications` ENABLE KEYS */;
UNLOCK TABLES;

--
-- Table structure for table `lecturer_research_areas`
--

DROP TABLE IF EXISTS `lecturer_research_areas`;
/*!40101 SET @saved_cs_client     = @@character_set_client */;
/*!50503 SET character_set_client = utf8mb4 */;
CREATE TABLE `lecturer_research_areas` (
  `id` int NOT NULL AUTO_INCREMENT,
  `staff_code` varchar(20) DEFAULT NULL,
  `research_area` text,
  PRIMARY KEY (`id`),
  KEY `staff_code` (`staff_code`),
  CONSTRAINT `lecturer_research_areas_ibfk_1` FOREIGN KEY (`staff_code`) REFERENCES `lecturer_profiles` (`staff_code`)
) ENGINE=InnoDB AUTO_INCREMENT=32 DEFAULT CHARSET=utf8mb4 COLLATE=utf8mb4_0900_ai_ci;
/*!40101 SET character_set_client = @saved_cs_client */;

--
-- Dumping data for table `lecturer_research_areas`
--

LOCK TABLES `lecturer_research_areas` WRITE;
/*!40000 ALTER TABLE `lecturer_research_areas` DISABLE KEYS */;
INSERT INTO `lecturer_research_areas` VALUES (1,'6431703502','Financial Accounting and Reporting'),(2,'6431703502','Corporate Governance'),(3,'6431703502','Auditing and Assurance'),(4,'6531503017','Strategic Management'),(5,'6531503017','Organizational Behavior'),(6,'6531503017','Leadership Development'),(7,'6531503069','Macroeconomic Policy'),(8,'6531503069','International Trade'),(9,'6531503069','Development Economics'),(10,'6531503070','Sustainable Tourism'),(11,'6531503070','Community-Based Tourism'),(12,'6531503070','Tourism Marketing'),(13,'6531503074','Aviation Safety Management'),(14,'6531503074','Airport Operations'),(15,'6531503074','Airline Management'),(16,'6531503137','Hotel Revenue Management'),(17,'6531503137','Service Quality Management'),(18,'6531503137','Hospitality Technology'),(19,'6531503172','Business Intelligence and Data Analytics'),(20,'6531503172','Machine Learning Applications in Management'),(21,'6531503172','Higher Education Administration'),(22,'6531503172','Research Collaboration Networks'),(23,'6531503174','Digital Marketing'),(24,'6531503174','E-commerce Strategy'),(25,'6531503174','Consumer Behavior'),(26,'6531503176','Financial Economics'),(27,'6531503176','Monetary Policy'),(28,'6531503176','Banking and Finance'),(29,'6631205226','Cultural Tourism'),(30,'6631205226','Tourism Impact Assessment'),(31,'6631205226','Destination Management');
/*!40000 ALTER TABLE `lecturer_research_areas` ENABLE KEYS */;
UNLOCK TABLES;

--
-- Table structure for table `project_owners`
--

DROP TABLE IF EXISTS `project_owners`;
/*!40101 SET @saved_cs_client     = @@character_set_client */;
/*!50503 SET character_set_client = utf8mb4 */;
CREATE TABLE `project_owners` (
  `id` int NOT NULL AUTO_INCREMENT,
  `project_id` int NOT NULL,
  `owner_name` varchar(100) NOT NULL,
  `is_primary` tinyint(1) DEFAULT '0',
  `created_at` timestamp NULL DEFAULT CURRENT_TIMESTAMP,
  `evaluateid` int DEFAULT '9',
  PRIMARY KEY (`id`),
  KEY `project_id` (`project_id`),
  CONSTRAINT `project_owners_ibfk_1` FOREIGN KEY (`project_id`) REFERENCES `budget_projects` (`id`) ON DELETE CASCADE
) ENGINE=InnoDB AUTO_INCREMENT=82 DEFAULT CHARSET=utf8mb4 COLLATE=utf8mb4_0900_ai_ci;
/*!40101 SET character_set_client = @saved_cs_client */;

--
-- Dumping data for table `project_owners`
--

LOCK TABLES `project_owners` WRITE;
/*!40000 ALTER TABLE `project_owners` DISABLE KEYS */;
INSERT INTO `project_owners` VALUES (1,1,'Dr. Siriporn Nakamura',1,'2025-08-19 07:02:32',8),(2,2,'Dr. Siriporn Nakamura',1,'2025-08-19 07:02:32',8),(3,3,'Dr. Siriporn Nakamura',1,'2025-08-19 07:02:32',8),(4,4,'Dr. Siriporn Nakamura',1,'2025-08-19 07:02:32',8),(5,5,'Dr. Wanchai Singh',1,'2025-08-19 07:02:32',8),(6,6,'Dr. Wanchai Singh',1,'2025-08-19 07:02:32',8),(7,7,'Dr. Wanchai Singh',1,'2025-08-19 07:02:32',8),(8,8,'Dr. Wanchai Singh',1,'2025-08-19 07:02:32',8),(9,9,'Asst. Prof. Malee Johnson',1,'2025-08-19 07:02:32',8),(10,10,'Asst. Prof. Malee Johnson',1,'2025-08-19 07:02:32',8),(11,11,'Asst. Prof. Malee Johnson',1,'2025-08-19 07:02:32',8),(12,12,'Asst. Prof. Malee Johnson',1,'2025-08-19 07:02:32',8),(13,13,'Prof. Somchai Patel',1,'2025-08-19 07:02:32',8),(14,14,'Prof. Somchai Patel',1,'2025-08-19 07:02:32',8),(15,15,'Prof. Somchai Patel',1,'2025-08-19 07:02:32',8),(16,16,'Prof. Somchai Patel',1,'2025-08-19 07:02:32',8),(17,17,'Dr. Niran Kumar',1,'2025-08-19 07:02:32',8),(18,18,'Dr. Niran Kumar',1,'2025-08-19 07:02:32',8),(19,19,'Dr. Niran Kumar',1,'2025-08-19 07:02:32',8),(20,20,'Dr. Niran Kumar',1,'2025-08-19 07:02:32',8),(21,21,'Asst. Prof. Pranee Williams',1,'2025-08-19 07:02:32',8),(22,22,'Asst. Prof. Pranee Williams',1,'2025-08-19 07:02:32',8),(23,23,'Asst. Prof. Pranee Williams',1,'2025-08-19 07:02:32',8),(24,24,'Asst. Prof. Pranee Williams',1,'2025-08-19 07:02:32',8),(25,25,'Dr. Phyo Min Thein',1,'2025-08-19 07:02:32',8),(26,26,'Dr. Phyo Min Thein',1,'2025-08-19 07:02:32',8),(27,27,'Dr. Phyo Min Thein',1,'2025-08-19 07:02:32',8),(28,28,'Dr. Phyo Min Thein',1,'2025-08-19 07:02:32',8),(29,29,'Dr. Kamon Lee',1,'2025-08-19 07:02:32',8),(30,30,'Dr. Kamon Lee',1,'2025-08-19 07:02:32',8),(31,31,'Dr. Kamon Lee',1,'2025-08-19 07:02:32',8),(32,32,'Dr. Kamon Lee',1,'2025-08-19 07:02:32',8),(33,33,'Prof. Apinya Chen',1,'2025-08-19 07:02:32',8),(34,34,'Prof. Apinya Chen',1,'2025-08-19 07:02:32',8),(35,35,'Prof. Apinya Chen',1,'2025-08-19 07:02:32',8),(36,36,'Prof. Apinya Chen',1,'2025-08-19 07:02:32',8),(37,37,'Dr. Rattana Martinez',1,'2025-08-19 07:02:32',8),(38,38,'Dr. Rattana Martinez',1,'2025-08-19 07:02:32',8),(39,39,'Dr. Rattana Martinez',1,'2025-08-19 07:02:32',8),(40,40,'Dr. Rattana Martinez',1,'2025-08-19 07:02:32',8),(41,41,'Dr. Siriporn Nakamura',1,'2025-08-19 07:02:32',9),(42,42,'Dr. Siriporn Nakamura',1,'2025-08-19 07:02:32',9),(43,43,'Dr. Siriporn Nakamura',1,'2025-08-19 07:02:32',9),(44,44,'Dr. Siriporn Nakamura',1,'2025-08-19 07:02:32',9),(45,45,'Dr. Wanchai Singh',1,'2025-08-19 07:02:32',9),(46,46,'Dr. Wanchai Singh',1,'2025-08-19 07:02:32',9),(47,47,'Dr. Wanchai Singh',1,'2025-08-19 07:02:32',9),(48,48,'Dr. Wanchai Singh',1,'2025-08-19 07:02:32',9),(49,49,'Asst. Prof. Malee Johnson',1,'2025-08-19 07:02:32',9),(50,50,'Asst. Prof. Malee Johnson',1,'2025-08-19 07:02:32',9),(51,51,'Asst. Prof. Malee Johnson',1,'2025-08-19 07:02:32',9),(52,52,'Asst. Prof. Malee Johnson',1,'2025-08-19 07:02:32',9),(53,53,'Prof. Somchai Patel',1,'2025-08-19 07:02:32',9),(54,54,'Prof. Somchai Patel',1,'2025-08-19 07:02:32',9),(55,55,'Prof. Somchai Patel',1,'2025-08-19 07:02:32',9),(56,56,'Prof. Somchai Patel',1,'2025-08-19 07:02:32',9),(57,57,'Dr. Niran Kumar',1,'2025-08-19 07:02:32',9),(58,58,'Dr. Niran Kumar',1,'2025-08-19 07:02:32',9),(59,59,'Dr. Niran Kumar',1,'2025-08-19 07:02:32',9),(60,60,'Dr. Niran Kumar',1,'2025-08-19 07:02:32',9),(61,61,'Asst. Prof. Pranee Williams',1,'2025-08-19 07:02:32',9),(62,62,'Asst. Prof. Pranee Williams',1,'2025-08-19 07:02:32',9),(63,63,'Asst. Prof. Pranee Williams',1,'2025-08-19 07:02:32',9),(64,64,'Asst. Prof. Pranee Williams',1,'2025-08-19 07:02:32',9),(65,65,'Phyo Min Thein',0,'2025-08-19 07:02:32',9),(66,66,'Dr. Phyo Min Thein',1,'2025-08-19 07:02:32',9),(67,67,'Dr. Phyo Min Thein',1,'2025-08-19 07:02:32',9),(68,68,'Dr. Phyo Min Thein',1,'2025-08-19 07:02:32',9),(69,69,'Dr. Kamon Lee',1,'2025-08-19 07:02:32',9),(70,70,'Dr. Kamon Lee',1,'2025-08-19 07:02:32',9),(71,71,'Dr. Kamon Lee',1,'2025-08-19 07:02:32',9),(72,72,'Dr. Kamon Lee',1,'2025-08-19 07:02:32',9),(73,73,'Prof. Apinya Chen',1,'2025-08-19 07:02:32',9),(74,74,'Prof. Apinya Chen',1,'2025-08-19 07:02:32',9),(75,75,'Prof. Apinya Chen',1,'2025-08-19 07:02:32',9),(76,76,'Prof. Apinya Chen',1,'2025-08-19 07:02:32',9),(77,77,'Dr. Rattana Martinez',1,'2025-08-19 07:02:32',9),(78,78,'Dr. Rattana Martinez',1,'2025-08-19 07:02:32',9),(79,79,'Dr. Rattana Martinez',1,'2025-08-19 07:02:32',9),(80,80,'Dr. Rattana Martinez',1,'2025-08-19 07:02:32',9),(81,65,'Clay',1,'2025-08-06 05:39:46',9);
/*!40000 ALTER TABLE `project_owners` ENABLE KEYS */;
UNLOCK TABLES;

--
-- Table structure for table `staff_budget_info`
--

DROP TABLE IF EXISTS `staff_budget_info`;
/*!40101 SET @saved_cs_client     = @@character_set_client */;
/*!50503 SET character_set_client = utf8mb4 */;
CREATE TABLE `staff_budget_info` (
  `id` int NOT NULL AUTO_INCREMENT,
  `staff_code` varchar(20) NOT NULL,
  `email` varchar(100) NOT NULL,
  `staff_name` varchar(100) NOT NULL,
  `department` varchar(100) DEFAULT NULL,
  `created_at` timestamp NULL DEFAULT CURRENT_TIMESTAMP,
  `updated_at` timestamp NULL DEFAULT CURRENT_TIMESTAMP ON UPDATE CURRENT_TIMESTAMP,
  PRIMARY KEY (`id`),
  UNIQUE KEY `staff_code` (`staff_code`),
  UNIQUE KEY `email` (`email`),
  CONSTRAINT `fk_staff_budget_info_staff` FOREIGN KEY (`staff_code`) REFERENCES `lecturer_profiles` (`staff_code`) ON DELETE CASCADE
) ENGINE=InnoDB AUTO_INCREMENT=11 DEFAULT CHARSET=utf8mb4 COLLATE=utf8mb4_0900_ai_ci;
/*!40101 SET character_set_client = @saved_cs_client */;

--
-- Dumping data for table `staff_budget_info`
--

LOCK TABLES `staff_budget_info` WRITE;
/*!40000 ALTER TABLE `staff_budget_info` DISABLE KEYS */;
INSERT INTO `staff_budget_info` VALUES (1,'6431703502','6431703502@lamduan.mfu.ac.th','Dr. Apinya Wongkham','School of Management','2025-08-05 22:39:46','2025-08-05 22:39:46'),(2,'6531503017','6531503017@lamduan.mfu.ac.th','Dr. Siriporn Thanakit','School of Management','2025-08-05 22:39:46','2025-08-05 22:39:46'),(3,'6531503069','6531503069@lamduan.mfu.ac.th','Dr. Rattana Choosri','School of Management','2025-08-05 22:39:46','2025-08-05 22:39:46'),(4,'6531503070','6531503070@lamduan.mfu.ac.th','Dr. Suwanna Phakdee','School of Management','2025-08-05 22:39:46','2025-08-05 22:39:46'),(5,'6531503074','6531503074@lamduan.mfu.ac.th','Dr. Niran Jaikla','School of Management','2025-08-05 22:39:46','2025-08-05 22:39:46'),(6,'6531503137','6531503137@lamduan.mfu.ac.th','Dr. Kamon Bualert','School of Management','2025-08-05 22:39:46','2025-08-05 22:39:46'),(7,'6531503172','6531503172@lamduan.mfu.ac.th','Dr. Supansa Chaising','School of Management','2025-08-05 22:39:46','2025-08-05 22:48:07'),(8,'6531503174','6531503174@lamduan.mfu.ac.th','Dr. Supansa Chaising','School of Management','2025-08-05 22:39:46','2025-08-05 22:39:46'),(9,'6531503176','6531503176@lamduan.mfu.ac.th','Dr. Korawit Fakkhong','School of Management','2025-08-05 22:39:46','2025-08-05 22:39:46'),(10,'6631205226','6631205226@lamduan.mfu.ac.th','Dr. Wipob Suttinun','School of Management','2025-08-05 22:39:46','2025-08-05 22:39:46');
/*!40000 ALTER TABLE `staff_budget_info` ENABLE KEYS */;
UNLOCK TABLES;
/*!40103 SET TIME_ZONE=@OLD_TIME_ZONE */;

/*!40101 SET SQL_MODE=@OLD_SQL_MODE */;
/*!40014 SET FOREIGN_KEY_CHECKS=@OLD_FOREIGN_KEY_CHECKS */;
/*!40014 SET UNIQUE_CHECKS=@OLD_UNIQUE_CHECKS */;
/*!40101 SET CHARACTER_SET_CLIENT=@OLD_CHARACTER_SET_CLIENT */;
/*!40101 SET CHARACTER_SET_RESULTS=@OLD_CHARACTER_SET_RESULTS */;
/*!40101 SET COLLATION_CONNECTION=@OLD_COLLATION_CONNECTION */;
/*!40111 SET SQL_NOTES=@OLD_SQL_NOTES */;

-- Dump completed on 2025-10-21 17:22:55
