-- MySQL dump 10.13  Distrib 8.0.41, for Linux (x86_64)
--
-- Host: 127.0.0.1    Database: mysql
-- ------------------------------------------------------
-- Server version	8.0.41-google

/*!40101 SET @OLD_CHARACTER_SET_CLIENT=@@CHARACTER_SET_CLIENT */
;
/*!40101 SET @OLD_CHARACTER_SET_RESULTS=@@CHARACTER_SET_RESULTS */
;
/*!40101 SET @OLD_COLLATION_CONNECTION=@@COLLATION_CONNECTION */
;
/*!50503 SET NAMES utf8mb4 */
;
/*!40103 SET @OLD_TIME_ZONE=@@TIME_ZONE */
;
/*!40103 SET TIME_ZONE='+00:00' */
;
/*!40014 SET @OLD_UNIQUE_CHECKS=@@UNIQUE_CHECKS, UNIQUE_CHECKS=0 */
;
/*!40014 SET @OLD_FOREIGN_KEY_CHECKS=@@FOREIGN_KEY_CHECKS, FOREIGN_KEY_CHECKS=0 */
;
/*!40101 SET @OLD_SQL_MODE=@@SQL_MODE, SQL_MODE='NO_AUTO_VALUE_ON_ZERO' */
;
/*!40111 SET @OLD_SQL_NOTES=@@SQL_NOTES, SQL_NOTES=0 */
;

--
-- Current Database: `senior_project_final`
--

CREATE DATABASE /*!32312 IF NOT EXISTS*/ `senior_project_final` /*!40100 DEFAULT CHARACTER SET utf8mb4 COLLATE utf8mb4_0900_ai_ci */ /*!80016 DEFAULT ENCRYPTION='N' */;

USE `senior_project_final`;

--
-- Table structure for table `academic_service_performance`
--

DROP TABLE IF EXISTS `academic_service_performance`;
/*!40101 SET @saved_cs_client     = @@character_set_client */
;
/*!50503 SET character_set_client = utf8mb4 */
;
CREATE TABLE `academic_service_performance` (
    `id` int NOT NULL AUTO_INCREMENT,
    `staff_code` varchar(20) NOT NULL,
    `evaluateid` int NOT NULL,
    `category` varchar(100) NOT NULL,
    `internal_score` decimal(10, 2) DEFAULT '0.00',
    `external_score` decimal(10, 2) DEFAULT '0.00',
    `non_revenue_score` decimal(10, 2) DEFAULT '0.00',
    `revenue_score` decimal(10, 2) DEFAULT '0.00',
    `display_order` int NOT NULL,
    `created_at` timestamp NULL DEFAULT CURRENT_TIMESTAMP,
    `updated_at` timestamp NULL DEFAULT CURRENT_TIMESTAMP ON UPDATE CURRENT_TIMESTAMP,
    PRIMARY KEY (`id`),
    KEY `evaluateid` (`evaluateid`),
    KEY `idx_staff_evaluate` (`staff_code`, `evaluateid`),
    KEY `idx_display_order` (`display_order`),
    CONSTRAINT `academic_service_performance_ibfk_1` FOREIGN KEY (`evaluateid`) REFERENCES `evaluation_periods` (`evaluateid`)
) ENGINE = InnoDB AUTO_INCREMENT = 348 DEFAULT CHARSET = utf8mb4 COLLATE = utf8mb4_0900_ai_ci;
/*!40101 SET character_set_client = @saved_cs_client */
;

--
-- Dumping data for table `academic_service_performance`
--

LOCK TABLES `academic_service_performance` WRITE;
/*!40000 ALTER TABLE `academic_service_performance` DISABLE KEYS */
;
INSERT INTO
    `academic_service_performance`
VALUES (
        56,
        '6531503172',
        9,
        'Other Services',
        0.00,
        0.00,
        0.00,
        0.00,
        1,
        '2025-08-18 16:49:01',
        '2025-08-18 16:49:01'
    ),
    (
        57,
        '6531503172',
        9,
        'Visiting Professor',
        0.00,
        0.00,
        0.00,
        0.00,
        2,
        '2025-08-18 16:49:01',
        '2025-08-18 16:49:01'
    ),
    (
        58,
        '6531503172',
        9,
        'Additional Assigned Tasks',
        0.00,
        0.00,
        0.00,
        0.00,
        3,
        '2025-08-18 16:49:01',
        '2025-08-18 16:49:01'
    ),
    (
        59,
        '6531503172',
        9,
        'Reviewer',
        5.00,
        0.00,
        0.00,
        0.00,
        4,
        '2025-08-18 16:49:01',
        '2025-08-18 16:49:01'
    ),
    (
        60,
        '6531503172',
        9,
        'Committee/Advisor',
        0.00,
        0.00,
        0.00,
        0.00,
        5,
        '2025-08-18 16:49:01',
        '2025-08-18 16:49:01'
    ),
    (
        61,
        '6531503172',
        9,
        'Guest Lecturer',
        27.00,
        27.00,
        0.00,
        0.00,
        6,
        '2025-08-18 16:49:01',
        '2025-08-18 16:49:01'
    ),
    (
        62,
        '6531503172',
        9,
        'Academic Service Activities',
        0.00,
        0.00,
        27.00,
        27.00,
        7,
        '2025-08-18 16:49:01',
        '2025-08-18 17:34:15'
    ),
    (
        70,
        '6531503017',
        9,
        'Other Services',
        0.00,
        0.00,
        0.00,
        0.00,
        1,
        '2025-08-18 16:49:01',
        '2025-08-18 16:49:01'
    ),
    (
        71,
        '6531503017',
        9,
        'Visiting Professor',
        0.00,
        0.00,
        0.00,
        0.00,
        2,
        '2025-08-18 16:49:01',
        '2025-08-18 16:49:01'
    ),
    (
        72,
        '6531503017',
        9,
        'Additional Assigned Tasks',
        0.00,
        0.00,
        0.00,
        0.00,
        3,
        '2025-08-18 16:49:01',
        '2025-08-18 16:49:01'
    ),
    (
        73,
        '6531503017',
        9,
        'Reviewer',
        4.00,
        0.00,
        0.00,
        0.00,
        4,
        '2025-08-18 16:49:01',
        '2025-08-18 16:49:01'
    ),
    (
        74,
        '6531503017',
        9,
        'Committee/Advisor',
        0.00,
        0.00,
        0.00,
        0.00,
        5,
        '2025-08-18 16:49:01',
        '2025-08-18 16:49:01'
    ),
    (
        75,
        '6531503017',
        9,
        'Guest Lecturer',
        25.00,
        25.00,
        0.00,
        0.00,
        6,
        '2025-08-18 16:49:01',
        '2025-08-18 16:49:01'
    ),
    (
        76,
        '6531503017',
        9,
        'Academic Service Activities',
        0.00,
        0.00,
        25.00,
        25.00,
        7,
        '2025-08-18 16:49:01',
        '2025-08-18 17:29:40'
    ),
    (
        84,
        '6531503069',
        9,
        'Other Services',
        0.00,
        0.00,
        0.00,
        0.00,
        1,
        '2025-08-18 16:49:01',
        '2025-08-18 16:49:01'
    ),
    (
        85,
        '6531503069',
        9,
        'Visiting Professor',
        0.00,
        0.00,
        0.00,
        0.00,
        2,
        '2025-08-18 16:49:01',
        '2025-08-18 16:49:01'
    ),
    (
        86,
        '6531503069',
        9,
        'Additional Assigned Tasks',
        0.00,
        0.00,
        0.00,
        0.00,
        3,
        '2025-08-18 16:49:01',
        '2025-08-18 16:49:01'
    ),
    (
        87,
        '6531503069',
        9,
        'Reviewer',
        6.00,
        0.00,
        0.00,
        0.00,
        4,
        '2025-08-18 16:49:01',
        '2025-08-18 16:49:01'
    ),
    (
        88,
        '6531503069',
        9,
        'Committee/Advisor',
        0.00,
        0.00,
        0.00,
        0.00,
        5,
        '2025-08-18 16:49:01',
        '2025-08-18 16:49:01'
    ),
    (
        89,
        '6531503069',
        9,
        'Guest Lecturer',
        30.00,
        30.00,
        0.00,
        0.00,
        6,
        '2025-08-18 16:49:01',
        '2025-08-18 16:49:01'
    ),
    (
        90,
        '6531503069',
        9,
        'Academic Service Activities',
        0.00,
        0.00,
        30.00,
        30.00,
        7,
        '2025-08-18 16:49:01',
        '2025-08-18 17:29:40'
    ),
    (
        91,
        '6531503070',
        9,
        'Other Services',
        0.00,
        0.00,
        0.00,
        0.00,
        1,
        '2025-08-18 16:49:01',
        '2025-08-18 16:49:01'
    ),
    (
        92,
        '6531503070',
        9,
        'Visiting Professor',
        0.00,
        0.00,
        0.00,
        0.00,
        2,
        '2025-08-18 16:49:01',
        '2025-08-18 16:49:01'
    ),
    (
        93,
        '6531503070',
        9,
        'Additional Assigned Tasks',
        0.00,
        0.00,
        0.00,
        0.00,
        3,
        '2025-08-18 16:49:01',
        '2025-08-18 16:49:01'
    ),
    (
        94,
        '6531503070',
        9,
        'Reviewer',
        3.00,
        0.00,
        0.00,
        0.00,
        4,
        '2025-08-18 16:49:01',
        '2025-08-18 16:49:01'
    ),
    (
        95,
        '6531503070',
        9,
        'Committee/Advisor',
        0.00,
        0.00,
        0.00,
        0.00,
        5,
        '2025-08-18 16:49:01',
        '2025-08-18 16:49:01'
    ),
    (
        96,
        '6531503070',
        9,
        'Guest Lecturer',
        22.00,
        22.00,
        0.00,
        0.00,
        6,
        '2025-08-18 16:49:01',
        '2025-08-18 16:49:01'
    ),
    (
        97,
        '6531503070',
        9,
        'Academic Service Activities',
        0.00,
        0.00,
        22.00,
        22.00,
        7,
        '2025-08-18 16:49:01',
        '2025-08-18 17:29:40'
    ),
    (
        98,
        '6531503074',
        9,
        'Other Services',
        0.00,
        0.00,
        0.00,
        0.00,
        1,
        '2025-08-18 16:49:01',
        '2025-08-18 16:49:01'
    ),
    (
        99,
        '6531503074',
        9,
        'Visiting Professor',
        0.00,
        0.00,
        0.00,
        0.00,
        2,
        '2025-08-18 16:49:01',
        '2025-08-18 16:49:01'
    ),
    (
        100,
        '6531503074',
        9,
        'Additional Assigned Tasks',
        0.00,
        0.00,
        0.00,
        0.00,
        3,
        '2025-08-18 16:49:01',
        '2025-08-18 16:49:01'
    ),
    (
        101,
        '6531503074',
        9,
        'Reviewer',
        7.00,
        0.00,
        0.00,
        0.00,
        4,
        '2025-08-18 16:49:01',
        '2025-08-18 16:49:01'
    ),
    (
        102,
        '6531503074',
        9,
        'Committee/Advisor',
        0.00,
        0.00,
        0.00,
        0.00,
        5,
        '2025-08-18 16:49:01',
        '2025-08-18 16:49:01'
    ),
    (
        103,
        '6531503074',
        9,
        'Guest Lecturer',
        35.00,
        35.00,
        0.00,
        0.00,
        6,
        '2025-08-18 16:49:01',
        '2025-08-18 16:49:01'
    ),
    (
        104,
        '6531503074',
        9,
        'Academic Service Activities',
        0.00,
        0.00,
        35.00,
        35.00,
        7,
        '2025-08-18 16:49:01',
        '2025-08-18 17:29:40'
    ),
    (
        105,
        '6531503137',
        9,
        'Other Services',
        0.00,
        0.00,
        0.00,
        0.00,
        1,
        '2025-08-18 16:49:01',
        '2025-08-18 16:49:01'
    ),
    (
        106,
        '6531503137',
        9,
        'Visiting Professor',
        0.00,
        0.00,
        0.00,
        0.00,
        2,
        '2025-08-18 16:49:01',
        '2025-08-18 16:49:01'
    ),
    (
        107,
        '6531503137',
        9,
        'Additional Assigned Tasks',
        0.00,
        0.00,
        0.00,
        0.00,
        3,
        '2025-08-18 16:49:01',
        '2025-08-18 16:49:01'
    ),
    (
        108,
        '6531503137',
        9,
        'Reviewer',
        4.00,
        0.00,
        0.00,
        0.00,
        4,
        '2025-08-18 16:49:01',
        '2025-08-18 16:49:01'
    ),
    (
        109,
        '6531503137',
        9,
        'Committee/Advisor',
        0.00,
        0.00,
        0.00,
        0.00,
        5,
        '2025-08-18 16:49:01',
        '2025-08-18 16:49:01'
    ),
    (
        110,
        '6531503137',
        9,
        'Guest Lecturer',
        28.00,
        28.00,
        0.00,
        0.00,
        6,
        '2025-08-18 16:49:01',
        '2025-08-18 16:49:01'
    ),
    (
        111,
        '6531503137',
        9,
        'Academic Service Activities',
        0.00,
        0.00,
        28.00,
        28.00,
        7,
        '2025-08-18 16:49:01',
        '2025-08-18 17:29:40'
    ),
    (
        112,
        '6531503174',
        9,
        'Other Services',
        0.00,
        0.00,
        0.00,
        0.00,
        1,
        '2025-08-18 16:49:01',
        '2025-08-18 16:49:01'
    ),
    (
        113,
        '6531503174',
        9,
        'Visiting Professor',
        0.00,
        0.00,
        0.00,
        0.00,
        2,
        '2025-08-18 16:49:01',
        '2025-08-18 16:49:01'
    ),
    (
        114,
        '6531503174',
        9,
        'Additional Assigned Tasks',
        0.00,
        0.00,
        0.00,
        0.00,
        3,
        '2025-08-18 16:49:01',
        '2025-08-18 16:49:01'
    ),
    (
        115,
        '6531503174',
        9,
        'Reviewer',
        5.00,
        0.00,
        0.00,
        0.00,
        4,
        '2025-08-18 16:49:01',
        '2025-08-18 16:49:01'
    ),
    (
        116,
        '6531503174',
        9,
        'Committee/Advisor',
        0.00,
        0.00,
        0.00,
        0.00,
        5,
        '2025-08-18 16:49:01',
        '2025-08-18 16:49:01'
    ),
    (
        117,
        '6531503174',
        9,
        'Guest Lecturer',
        30.00,
        30.00,
        0.00,
        0.00,
        6,
        '2025-08-18 16:49:01',
        '2025-08-18 16:49:01'
    ),
    (
        118,
        '6531503174',
        9,
        'Academic Service Activities',
        0.00,
        0.00,
        30.00,
        30.00,
        7,
        '2025-08-18 16:49:01',
        '2025-08-18 17:29:40'
    ),
    (
        119,
        '6531503176',
        9,
        'Other Services',
        0.00,
        0.00,
        0.00,
        0.00,
        1,
        '2025-08-18 16:49:01',
        '2025-08-18 16:49:01'
    ),
    (
        120,
        '6531503176',
        9,
        'Visiting Professor',
        0.00,
        0.00,
        0.00,
        0.00,
        2,
        '2025-08-18 16:49:01',
        '2025-08-18 16:49:01'
    ),
    (
        121,
        '6531503176',
        9,
        'Additional Assigned Tasks',
        0.00,
        0.00,
        0.00,
        0.00,
        3,
        '2025-08-18 16:49:01',
        '2025-08-18 16:49:01'
    ),
    (
        122,
        '6531503176',
        9,
        'Reviewer',
        6.00,
        0.00,
        0.00,
        0.00,
        4,
        '2025-08-18 16:49:01',
        '2025-08-18 16:49:01'
    ),
    (
        123,
        '6531503176',
        9,
        'Committee/Advisor',
        0.00,
        0.00,
        0.00,
        0.00,
        5,
        '2025-08-18 16:49:01',
        '2025-08-18 16:49:01'
    ),
    (
        124,
        '6531503176',
        9,
        'Guest Lecturer',
        32.00,
        32.00,
        0.00,
        0.00,
        6,
        '2025-08-18 16:49:01',
        '2025-08-18 16:49:01'
    ),
    (
        125,
        '6531503176',
        9,
        'Academic Service Activities',
        0.00,
        0.00,
        32.00,
        32.00,
        7,
        '2025-08-18 16:49:01',
        '2025-08-18 17:29:40'
    ),
    (
        126,
        '6631205226',
        9,
        'Other Services',
        0.00,
        0.00,
        0.00,
        0.00,
        1,
        '2025-08-18 16:49:01',
        '2025-08-18 16:49:01'
    ),
    (
        127,
        '6631205226',
        9,
        'Visiting Professor',
        0.00,
        0.00,
        0.00,
        0.00,
        2,
        '2025-08-18 16:49:01',
        '2025-08-18 16:49:01'
    ),
    (
        128,
        '6631205226',
        9,
        'Additional Assigned Tasks',
        0.00,
        0.00,
        0.00,
        0.00,
        3,
        '2025-08-18 16:49:01',
        '2025-08-18 16:49:01'
    ),
    (
        129,
        '6631205226',
        9,
        'Reviewer',
        4.00,
        0.00,
        0.00,
        0.00,
        4,
        '2025-08-18 16:49:01',
        '2025-08-18 16:49:01'
    ),
    (
        130,
        '6631205226',
        9,
        'Committee/Advisor',
        0.00,
        0.00,
        0.00,
        0.00,
        5,
        '2025-08-18 16:49:01',
        '2025-08-18 16:49:01'
    ),
    (
        131,
        '6631205226',
        9,
        'Guest Lecturer',
        26.00,
        26.00,
        0.00,
        0.00,
        6,
        '2025-08-18 16:49:01',
        '2025-08-18 16:49:01'
    ),
    (
        132,
        '6631205226',
        9,
        'Academic Service Activities',
        0.00,
        0.00,
        26.00,
        26.00,
        7,
        '2025-08-18 16:49:01',
        '2025-08-18 17:29:40'
    ),
    (
        278,
        '6431703502',
        8,
        'Other Services',
        0.00,
        0.00,
        0.00,
        0.00,
        1,
        '2025-08-18 19:13:08',
        '2025-08-18 19:13:08'
    ),
    (
        279,
        '6431703502',
        8,
        'Visiting Professor',
        0.00,
        0.00,
        0.00,
        0.00,
        2,
        '2025-08-18 19:13:08',
        '2025-08-18 19:13:08'
    ),
    (
        280,
        '6431703502',
        8,
        'Additional Assigned Tasks',
        0.00,
        0.00,
        0.00,
        0.00,
        3,
        '2025-08-18 19:13:08',
        '2025-08-18 19:13:08'
    ),
    (
        281,
        '6431703502',
        8,
        'Reviewer',
        6.00,
        0.00,
        0.00,
        0.00,
        4,
        '2025-08-18 19:13:08',
        '2025-08-18 19:13:08'
    ),
    (
        282,
        '6431703502',
        8,
        'Committee/Advisor',
        0.00,
        0.00,
        0.00,
        0.00,
        5,
        '2025-08-18 19:13:08',
        '2025-08-18 19:13:08'
    ),
    (
        283,
        '6431703502',
        8,
        'Guest Lecturer',
        22.00,
        24.00,
        0.00,
        0.00,
        6,
        '2025-08-18 19:13:08',
        '2025-08-18 19:13:08'
    ),
    (
        284,
        '6431703502',
        8,
        'Academic Service Activities',
        0.00,
        0.00,
        23.00,
        23.00,
        7,
        '2025-08-18 19:13:08',
        '2025-08-18 19:13:08'
    ),
    (
        285,
        '6531503017',
        8,
        'Other Services',
        0.00,
        0.00,
        0.00,
        0.00,
        1,
        '2025-08-18 19:13:08',
        '2025-08-18 19:13:08'
    ),
    (
        286,
        '6531503017',
        8,
        'Visiting Professor',
        0.00,
        0.00,
        0.00,
        0.00,
        2,
        '2025-08-18 19:13:08',
        '2025-08-18 19:13:08'
    ),
    (
        287,
        '6531503017',
        8,
        'Additional Assigned Tasks',
        0.00,
        0.00,
        0.00,
        0.00,
        3,
        '2025-08-18 19:13:08',
        '2025-08-18 19:13:08'
    ),
    (
        288,
        '6531503017',
        8,
        'Reviewer',
        4.00,
        0.00,
        0.00,
        0.00,
        4,
        '2025-08-18 19:13:08',
        '2025-08-18 19:13:08'
    ),
    (
        289,
        '6531503017',
        8,
        'Committee/Advisor',
        0.00,
        0.00,
        0.00,
        0.00,
        5,
        '2025-08-18 19:13:08',
        '2025-08-18 19:13:08'
    ),
    (
        290,
        '6531503017',
        8,
        'Guest Lecturer',
        20.00,
        22.00,
        0.00,
        0.00,
        6,
        '2025-08-18 19:13:08',
        '2025-08-18 19:13:08'
    ),
    (
        291,
        '6531503017',
        8,
        'Academic Service Activities',
        0.00,
        0.00,
        21.00,
        21.00,
        7,
        '2025-08-18 19:13:08',
        '2025-08-18 19:13:08'
    ),
    (
        292,
        '6531503069',
        8,
        'Other Services',
        0.00,
        0.00,
        0.00,
        0.00,
        1,
        '2025-08-18 19:13:08',
        '2025-08-18 19:13:08'
    ),
    (
        293,
        '6531503069',
        8,
        'Visiting Professor',
        0.00,
        0.00,
        0.00,
        0.00,
        2,
        '2025-08-18 19:13:08',
        '2025-08-18 19:13:08'
    ),
    (
        294,
        '6531503069',
        8,
        'Additional Assigned Tasks',
        0.00,
        0.00,
        0.00,
        0.00,
        3,
        '2025-08-18 19:13:08',
        '2025-08-18 19:13:08'
    ),
    (
        295,
        '6531503069',
        8,
        'Reviewer',
        5.00,
        0.00,
        0.00,
        0.00,
        4,
        '2025-08-18 19:13:08',
        '2025-08-18 19:13:08'
    ),
    (
        296,
        '6531503069',
        8,
        'Committee/Advisor',
        0.00,
        0.00,
        0.00,
        0.00,
        5,
        '2025-08-18 19:13:08',
        '2025-08-18 19:13:08'
    ),
    (
        297,
        '6531503069',
        8,
        'Guest Lecturer',
        18.00,
        20.00,
        0.00,
        0.00,
        6,
        '2025-08-18 19:13:08',
        '2025-08-18 19:13:08'
    ),
    (
        298,
        '6531503069',
        8,
        'Academic Service Activities',
        0.00,
        0.00,
        19.00,
        19.00,
        7,
        '2025-08-18 19:13:08',
        '2025-08-18 19:13:08'
    ),
    (
        299,
        '6531503070',
        8,
        'Other Services',
        0.00,
        0.00,
        0.00,
        0.00,
        1,
        '2025-08-18 19:13:08',
        '2025-08-18 19:13:08'
    ),
    (
        300,
        '6531503070',
        8,
        'Visiting Professor',
        0.00,
        0.00,
        0.00,
        0.00,
        2,
        '2025-08-18 19:13:08',
        '2025-08-18 19:13:08'
    ),
    (
        301,
        '6531503070',
        8,
        'Additional Assigned Tasks',
        0.00,
        0.00,
        0.00,
        0.00,
        3,
        '2025-08-18 19:13:08',
        '2025-08-18 19:13:08'
    ),
    (
        302,
        '6531503070',
        8,
        'Reviewer',
        7.00,
        0.00,
        0.00,
        0.00,
        4,
        '2025-08-18 19:13:08',
        '2025-08-18 19:13:08'
    ),
    (
        303,
        '6531503070',
        8,
        'Committee/Advisor',
        0.00,
        0.00,
        0.00,
        0.00,
        5,
        '2025-08-18 19:13:08',
        '2025-08-18 19:13:08'
    ),
    (
        304,
        '6531503070',
        8,
        'Guest Lecturer',
        24.00,
        26.00,
        0.00,
        0.00,
        6,
        '2025-08-18 19:13:08',
        '2025-08-18 19:13:08'
    ),
    (
        305,
        '6531503070',
        8,
        'Academic Service Activities',
        0.00,
        0.00,
        25.00,
        25.00,
        7,
        '2025-08-18 19:13:08',
        '2025-08-18 19:13:08'
    ),
    (
        306,
        '6531503074',
        8,
        'Other Services',
        0.00,
        0.00,
        0.00,
        0.00,
        1,
        '2025-08-18 19:13:08',
        '2025-08-18 19:13:08'
    ),
    (
        307,
        '6531503074',
        8,
        'Visiting Professor',
        0.00,
        0.00,
        0.00,
        0.00,
        2,
        '2025-08-18 19:13:08',
        '2025-08-18 19:13:08'
    ),
    (
        308,
        '6531503074',
        8,
        'Additional Assigned Tasks',
        0.00,
        0.00,
        0.00,
        0.00,
        3,
        '2025-08-18 19:13:08',
        '2025-08-18 19:13:08'
    ),
    (
        309,
        '6531503074',
        8,
        'Reviewer',
        8.00,
        0.00,
        0.00,
        0.00,
        4,
        '2025-08-18 19:13:08',
        '2025-08-18 19:13:08'
    ),
    (
        310,
        '6531503074',
        8,
        'Committee/Advisor',
        0.00,
        0.00,
        0.00,
        0.00,
        5,
        '2025-08-18 19:13:08',
        '2025-08-18 19:13:08'
    ),
    (
        311,
        '6531503074',
        8,
        'Guest Lecturer',
        26.00,
        28.00,
        0.00,
        0.00,
        6,
        '2025-08-18 19:13:08',
        '2025-08-18 19:13:08'
    ),
    (
        312,
        '6531503074',
        8,
        'Academic Service Activities',
        0.00,
        0.00,
        27.00,
        27.00,
        7,
        '2025-08-18 19:13:08',
        '2025-08-18 19:13:08'
    ),
    (
        313,
        '6531503137',
        8,
        'Other Services',
        0.00,
        0.00,
        0.00,
        0.00,
        1,
        '2025-08-18 19:13:08',
        '2025-08-18 19:13:08'
    ),
    (
        314,
        '6531503137',
        8,
        'Visiting Professor',
        0.00,
        0.00,
        0.00,
        0.00,
        2,
        '2025-08-18 19:13:08',
        '2025-08-18 19:13:08'
    ),
    (
        315,
        '6531503137',
        8,
        'Additional Assigned Tasks',
        0.00,
        0.00,
        0.00,
        0.00,
        3,
        '2025-08-18 19:13:08',
        '2025-08-18 19:13:08'
    ),
    (
        316,
        '6531503137',
        8,
        'Reviewer',
        3.00,
        0.00,
        0.00,
        0.00,
        4,
        '2025-08-18 19:13:08',
        '2025-08-18 19:13:08'
    ),
    (
        317,
        '6531503137',
        8,
        'Committee/Advisor',
        0.00,
        0.00,
        0.00,
        0.00,
        5,
        '2025-08-18 19:13:08',
        '2025-08-18 19:13:08'
    ),
    (
        318,
        '6531503137',
        8,
        'Guest Lecturer',
        16.00,
        18.00,
        0.00,
        0.00,
        6,
        '2025-08-18 19:13:08',
        '2025-08-18 19:13:08'
    ),
    (
        319,
        '6531503137',
        8,
        'Academic Service Activities',
        0.00,
        0.00,
        17.00,
        17.00,
        7,
        '2025-08-18 19:13:08',
        '2025-08-18 19:13:08'
    ),
    (
        320,
        '6531503172',
        8,
        'Other Services',
        0.00,
        0.00,
        0.00,
        0.00,
        1,
        '2025-08-18 19:13:08',
        '2025-08-18 19:13:08'
    ),
    (
        321,
        '6531503172',
        8,
        'Visiting Professor',
        0.00,
        0.00,
        0.00,
        0.00,
        2,
        '2025-08-18 19:13:08',
        '2025-08-18 19:13:08'
    ),
    (
        322,
        '6531503172',
        8,
        'Additional Assigned Tasks',
        0.00,
        0.00,
        0.00,
        0.00,
        3,
        '2025-08-18 19:13:08',
        '2025-08-18 19:13:08'
    ),
    (
        323,
        '6531503172',
        8,
        'Reviewer',
        4.00,
        0.00,
        0.00,
        0.00,
        4,
        '2025-08-18 19:13:08',
        '2025-08-18 19:13:08'
    ),
    (
        324,
        '6531503172',
        8,
        'Committee/Advisor',
        0.00,
        0.00,
        0.00,
        0.00,
        5,
        '2025-08-18 19:13:08',
        '2025-08-18 19:13:08'
    ),
    (
        325,
        '6531503172',
        8,
        'Guest Lecturer',
        22.00,
        24.00,
        0.00,
        0.00,
        6,
        '2025-08-18 19:13:08',
        '2025-08-18 19:13:08'
    ),
    (
        326,
        '6531503172',
        8,
        'Academic Service Activities',
        0.00,
        0.00,
        25.00,
        25.00,
        7,
        '2025-08-18 19:13:08',
        '2025-08-18 19:13:08'
    ),
    (
        327,
        '6531503174',
        8,
        'Other Services',
        0.00,
        0.00,
        0.00,
        0.00,
        1,
        '2025-08-18 19:13:08',
        '2025-08-18 19:13:08'
    ),
    (
        328,
        '6531503174',
        8,
        'Visiting Professor',
        0.00,
        0.00,
        0.00,
        0.00,
        2,
        '2025-08-18 19:13:08',
        '2025-08-18 19:13:08'
    ),
    (
        329,
        '6531503174',
        8,
        'Additional Assigned Tasks',
        0.00,
        0.00,
        0.00,
        0.00,
        3,
        '2025-08-18 19:13:08',
        '2025-08-18 19:13:08'
    ),
    (
        330,
        '6531503174',
        8,
        'Reviewer',
        9.00,
        0.00,
        0.00,
        0.00,
        4,
        '2025-08-18 19:13:08',
        '2025-08-18 19:13:08'
    ),
    (
        331,
        '6531503174',
        8,
        'Committee/Advisor',
        0.00,
        0.00,
        0.00,
        0.00,
        5,
        '2025-08-18 19:13:08',
        '2025-08-18 19:13:08'
    ),
    (
        332,
        '6531503174',
        8,
        'Guest Lecturer',
        30.00,
        33.00,
        0.00,
        0.00,
        6,
        '2025-08-18 19:13:08',
        '2025-08-18 19:13:08'
    ),
    (
        333,
        '6531503174',
        8,
        'Academic Service Activities',
        0.00,
        0.00,
        31.00,
        31.00,
        7,
        '2025-08-18 19:13:08',
        '2025-08-18 19:13:08'
    ),
    (
        334,
        '6531503176',
        8,
        'Other Services',
        0.00,
        0.00,
        0.00,
        0.00,
        1,
        '2025-08-18 19:13:08',
        '2025-08-18 19:13:08'
    ),
    (
        335,
        '6531503176',
        8,
        'Visiting Professor',
        0.00,
        0.00,
        0.00,
        0.00,
        2,
        '2025-08-18 19:13:08',
        '2025-08-18 19:13:08'
    ),
    (
        336,
        '6531503176',
        8,
        'Additional Assigned Tasks',
        0.00,
        0.00,
        0.00,
        0.00,
        3,
        '2025-08-18 19:13:08',
        '2025-08-18 19:13:08'
    ),
    (
        337,
        '6531503176',
        8,
        'Reviewer',
        5.00,
        0.00,
        0.00,
        0.00,
        4,
        '2025-08-18 19:13:08',
        '2025-08-18 19:13:08'
    ),
    (
        338,
        '6531503176',
        8,
        'Committee/Advisor',
        0.00,
        0.00,
        0.00,
        0.00,
        5,
        '2025-08-18 19:13:08',
        '2025-08-18 19:13:08'
    ),
    (
        339,
        '6531503176',
        8,
        'Guest Lecturer',
        21.00,
        25.00,
        0.00,
        0.00,
        6,
        '2025-08-18 19:13:08',
        '2025-08-18 19:13:08'
    ),
    (
        340,
        '6531503176',
        8,
        'Academic Service Activities',
        0.00,
        0.00,
        22.00,
        22.00,
        7,
        '2025-08-18 19:13:08',
        '2025-08-18 19:13:08'
    ),
    (
        341,
        '6631205226',
        8,
        'Other Services',
        0.00,
        0.00,
        0.00,
        0.00,
        1,
        '2025-08-18 19:13:08',
        '2025-08-18 19:13:08'
    ),
    (
        342,
        '6631205226',
        8,
        'Visiting Professor',
        0.00,
        0.00,
        0.00,
        0.00,
        2,
        '2025-08-18 19:13:08',
        '2025-08-18 19:13:08'
    ),
    (
        343,
        '6631205226',
        8,
        'Additional Assigned Tasks',
        0.00,
        0.00,
        0.00,
        0.00,
        3,
        '2025-08-18 19:13:08',
        '2025-08-18 19:13:08'
    ),
    (
        344,
        '6631205226',
        8,
        'Reviewer',
        6.00,
        0.00,
        0.00,
        0.00,
        4,
        '2025-08-18 19:13:08',
        '2025-08-18 19:13:08'
    ),
    (
        345,
        '6631205226',
        8,
        'Committee/Advisor',
        0.00,
        0.00,
        0.00,
        0.00,
        5,
        '2025-08-18 19:13:08',
        '2025-08-18 19:13:08'
    ),
    (
        346,
        '6631205226',
        8,
        'Guest Lecturer',
        24.00,
        27.00,
        0.00,
        0.00,
        6,
        '2025-08-18 19:13:08',
        '2025-08-18 19:13:08'
    ),
    (
        347,
        '6631205226',
        8,
        'Academic Service Activities',
        0.00,
        0.00,
        24.00,
        24.00,
        7,
        '2025-08-18 19:13:08',
        '2025-08-18 19:13:08'
    );
/*!40000 ALTER TABLE `academic_service_performance` ENABLE KEYS */
;
UNLOCK TABLES;

--
-- Table structure for table `administration_performance`
--

DROP TABLE IF EXISTS `administration_performance`;
/*!40101 SET @saved_cs_client     = @@character_set_client */
;
/*!50503 SET character_set_client = utf8mb4 */
;
CREATE TABLE `administration_performance` (
    `id` int NOT NULL AUTO_INCREMENT,
    `staff_code` varchar(20) NOT NULL,
    `evaluateid` int NOT NULL,
    `category` varchar(100) NOT NULL,
    `score` decimal(10, 2) DEFAULT '0.00',
    `display_order` int NOT NULL,
    `created_at` timestamp NULL DEFAULT CURRENT_TIMESTAMP,
    `updated_at` timestamp NULL DEFAULT CURRENT_TIMESTAMP ON UPDATE CURRENT_TIMESTAMP,
    PRIMARY KEY (`id`),
    KEY `evaluateid` (`evaluateid`),
    KEY `idx_staff_evaluate` (`staff_code`, `evaluateid`),
    KEY `idx_display_order` (`display_order`),
    CONSTRAINT `administration_performance_ibfk_1` FOREIGN KEY (`evaluateid`) REFERENCES `evaluation_periods` (`evaluateid`)
) ENGINE = InnoDB AUTO_INCREMENT = 283 DEFAULT CHARSET = utf8mb4 COLLATE = utf8mb4_0900_ai_ci;
/*!40101 SET character_set_client = @saved_cs_client */
;

--
-- Dumping data for table `administration_performance`
--

LOCK TABLES `administration_performance` WRITE;
/*!40000 ALTER TABLE `administration_performance` DISABLE KEYS */
;
INSERT INTO
    `administration_performance`
VALUES (
        1,
        '6531503172',
        9,
        'Academic Administration assigned by the School or University',
        0.00,
        1,
        '2025-08-18 18:06:23',
        '2025-08-18 18:06:23'
    ),
    (
        2,
        '6531503172',
        9,
        'Coordination with Guest Lecturer',
        0.00,
        2,
        '2025-08-18 18:06:23',
        '2025-08-18 18:06:23'
    ),
    (
        3,
        '6531503172',
        9,
        'Course Coordination',
        10.00,
        3,
        '2025-08-18 18:06:23',
        '2025-08-18 18:06:23'
    ),
    (
        4,
        '6531503172',
        9,
        'University\'s Committee or Committee-Appointed Working Group',
        25.00,
        4,
        '2025-08-18 18:06:23',
        '2025-08-18 18:06:23'
    ),
    (
        5,
        '6531503172',
        9,
        'School\'s Committee or Committee-Appointed Working Group',
        20.00,
        5,
        '2025-08-18 18:06:23',
        '2025-08-18 18:06:23'
    ),
    (
        6,
        '6531503172',
        9,
        'School Committee',
        0.00,
        6,
        '2025-08-18 18:06:23',
        '2025-08-18 18:06:23'
    ),
    (
        7,
        '6531503172',
        9,
        'Curricular Committee',
        0.00,
        7,
        '2025-08-18 18:06:23',
        '2025-08-18 18:06:23'
    ),
    (
        8,
        '6531503172',
        9,
        'Administrative duty assigned by the school',
        60.00,
        8,
        '2025-08-18 18:06:23',
        '2025-08-18 18:06:23'
    ),
    (
        17,
        '6531503017',
        9,
        'Academic Administration assigned by the School or University',
        0.00,
        1,
        '2025-08-18 18:06:23',
        '2025-08-18 18:06:23'
    ),
    (
        18,
        '6531503017',
        9,
        'Coordination with Guest Lecturer',
        0.00,
        2,
        '2025-08-18 18:06:23',
        '2025-08-18 18:06:23'
    ),
    (
        19,
        '6531503017',
        9,
        'Course Coordination',
        12.00,
        3,
        '2025-08-18 18:06:23',
        '2025-08-18 18:06:23'
    ),
    (
        20,
        '6531503017',
        9,
        'University\'s Committee or Committee-Appointed Working Group',
        30.00,
        4,
        '2025-08-18 18:06:23',
        '2025-08-18 18:06:23'
    ),
    (
        21,
        '6531503017',
        9,
        'School\'s Committee or Committee-Appointed Working Group',
        25.00,
        5,
        '2025-08-18 18:06:23',
        '2025-08-18 18:06:23'
    ),
    (
        22,
        '6531503017',
        9,
        'School Committee',
        0.00,
        6,
        '2025-08-18 18:06:23',
        '2025-08-18 18:06:23'
    ),
    (
        23,
        '6531503017',
        9,
        'Curricular Committee',
        0.00,
        7,
        '2025-08-18 18:06:23',
        '2025-08-18 18:06:23'
    ),
    (
        24,
        '6531503017',
        9,
        'Administrative duty assigned by the school',
        65.00,
        8,
        '2025-08-18 18:06:23',
        '2025-08-18 18:06:23'
    ),
    (
        33,
        '6531503069',
        9,
        'Academic Administration assigned by the School or University',
        0.00,
        1,
        '2025-08-18 18:06:23',
        '2025-08-18 18:06:23'
    ),
    (
        34,
        '6531503069',
        9,
        'Coordination with Guest Lecturer',
        0.00,
        2,
        '2025-08-18 18:06:23',
        '2025-08-18 18:06:23'
    ),
    (
        35,
        '6531503069',
        9,
        'Course Coordination',
        15.00,
        3,
        '2025-08-18 18:06:23',
        '2025-08-18 18:06:23'
    ),
    (
        36,
        '6531503069',
        9,
        'University\'s Committee or Committee-Appointed Working Group',
        35.00,
        4,
        '2025-08-18 18:06:23',
        '2025-08-18 18:06:23'
    ),
    (
        37,
        '6531503069',
        9,
        'School\'s Committee or Committee-Appointed Working Group',
        30.00,
        5,
        '2025-08-18 18:06:23',
        '2025-08-18 18:06:23'
    ),
    (
        38,
        '6531503069',
        9,
        'School Committee',
        0.00,
        6,
        '2025-08-18 18:06:23',
        '2025-08-18 18:06:23'
    ),
    (
        39,
        '6531503069',
        9,
        'Curricular Committee',
        0.00,
        7,
        '2025-08-18 18:06:23',
        '2025-08-18 18:06:23'
    ),
    (
        40,
        '6531503069',
        9,
        'Administrative duty assigned by the school',
        70.00,
        8,
        '2025-08-18 18:06:23',
        '2025-08-18 18:06:23'
    ),
    (
        41,
        '6531503070',
        9,
        'Academic Administration assigned by the School or University',
        0.00,
        1,
        '2025-08-18 18:06:23',
        '2025-08-18 18:06:23'
    ),
    (
        42,
        '6531503070',
        9,
        'Coordination with Guest Lecturer',
        0.00,
        2,
        '2025-08-18 18:06:23',
        '2025-08-18 18:06:23'
    ),
    (
        43,
        '6531503070',
        9,
        'Course Coordination',
        8.00,
        3,
        '2025-08-18 18:06:23',
        '2025-08-18 18:06:23'
    ),
    (
        44,
        '6531503070',
        9,
        'University\'s Committee or Committee-Appointed Working Group',
        20.00,
        4,
        '2025-08-18 18:06:23',
        '2025-08-18 18:06:23'
    ),
    (
        45,
        '6531503070',
        9,
        'School\'s Committee or Committee-Appointed Working Group',
        15.00,
        5,
        '2025-08-18 18:06:23',
        '2025-08-18 18:06:23'
    ),
    (
        46,
        '6531503070',
        9,
        'School Committee',
        0.00,
        6,
        '2025-08-18 18:06:23',
        '2025-08-18 18:06:23'
    ),
    (
        47,
        '6531503070',
        9,
        'Curricular Committee',
        0.00,
        7,
        '2025-08-18 18:06:23',
        '2025-08-18 18:06:23'
    ),
    (
        48,
        '6531503070',
        9,
        'Administrative duty assigned by the school',
        45.00,
        8,
        '2025-08-18 18:06:23',
        '2025-08-18 18:06:23'
    ),
    (
        49,
        '6531503074',
        9,
        'Academic Administration assigned by the School or University',
        0.00,
        1,
        '2025-08-18 18:06:23',
        '2025-08-18 18:06:23'
    ),
    (
        50,
        '6531503074',
        9,
        'Coordination with Guest Lecturer',
        0.00,
        2,
        '2025-08-18 18:06:23',
        '2025-08-18 18:06:23'
    ),
    (
        51,
        '6531503074',
        9,
        'Course Coordination',
        18.00,
        3,
        '2025-08-18 18:06:23',
        '2025-08-18 18:06:23'
    ),
    (
        52,
        '6531503074',
        9,
        'University\'s Committee or Committee-Appointed Working Group',
        40.00,
        4,
        '2025-08-18 18:06:23',
        '2025-08-18 18:06:23'
    ),
    (
        53,
        '6531503074',
        9,
        'School\'s Committee or Committee-Appointed Working Group',
        35.00,
        5,
        '2025-08-18 18:06:23',
        '2025-08-18 18:06:23'
    ),
    (
        54,
        '6531503074',
        9,
        'School Committee',
        0.00,
        6,
        '2025-08-18 18:06:23',
        '2025-08-18 18:06:23'
    ),
    (
        55,
        '6531503074',
        9,
        'Curricular Committee',
        0.00,
        7,
        '2025-08-18 18:06:23',
        '2025-08-18 18:06:23'
    ),
    (
        56,
        '6531503074',
        9,
        'Administrative duty assigned by the school',
        80.00,
        8,
        '2025-08-18 18:06:23',
        '2025-08-18 18:06:23'
    ),
    (
        57,
        '6531503137',
        9,
        'Academic Administration assigned by the School or University',
        0.00,
        1,
        '2025-08-18 18:06:23',
        '2025-08-18 18:06:23'
    ),
    (
        58,
        '6531503137',
        9,
        'Coordination with Guest Lecturer',
        0.00,
        2,
        '2025-08-18 18:06:23',
        '2025-08-18 18:06:23'
    ),
    (
        59,
        '6531503137',
        9,
        'Course Coordination',
        11.00,
        3,
        '2025-08-18 18:06:23',
        '2025-08-18 18:06:23'
    ),
    (
        60,
        '6531503137',
        9,
        'University\'s Committee or Committee-Appointed Working Group',
        28.00,
        4,
        '2025-08-18 18:06:23',
        '2025-08-18 18:06:23'
    ),
    (
        61,
        '6531503137',
        9,
        'School\'s Committee or Committee-Appointed Working Group',
        22.00,
        5,
        '2025-08-18 18:06:23',
        '2025-08-18 18:06:23'
    ),
    (
        62,
        '6531503137',
        9,
        'School Committee',
        0.00,
        6,
        '2025-08-18 18:06:23',
        '2025-08-18 18:06:23'
    ),
    (
        63,
        '6531503137',
        9,
        'Curricular Committee',
        0.00,
        7,
        '2025-08-18 18:06:23',
        '2025-08-18 18:06:23'
    ),
    (
        64,
        '6531503137',
        9,
        'Administrative duty assigned by the school',
        58.00,
        8,
        '2025-08-18 18:06:23',
        '2025-08-18 18:06:23'
    ),
    (
        65,
        '6531503174',
        9,
        'Academic Administration assigned by the School or University',
        0.00,
        1,
        '2025-08-18 18:06:23',
        '2025-08-18 18:06:23'
    ),
    (
        66,
        '6531503174',
        9,
        'Coordination with Guest Lecturer',
        0.00,
        2,
        '2025-08-18 18:06:23',
        '2025-08-18 18:06:23'
    ),
    (
        67,
        '6531503174',
        9,
        'Course Coordination',
        14.00,
        3,
        '2025-08-18 18:06:23',
        '2025-08-18 18:06:23'
    ),
    (
        68,
        '6531503174',
        9,
        'University\'s Committee or Committee-Appointed Working Group',
        32.00,
        4,
        '2025-08-18 18:06:23',
        '2025-08-18 18:06:23'
    ),
    (
        69,
        '6531503174',
        9,
        'School\'s Committee or Committee-Appointed Working Group',
        28.00,
        5,
        '2025-08-18 18:06:23',
        '2025-08-18 18:06:23'
    ),
    (
        70,
        '6531503174',
        9,
        'School Committee',
        0.00,
        6,
        '2025-08-18 18:06:23',
        '2025-08-18 18:06:23'
    ),
    (
        71,
        '6531503174',
        9,
        'Curricular Committee',
        0.00,
        7,
        '2025-08-18 18:06:23',
        '2025-08-18 18:06:23'
    ),
    (
        72,
        '6531503174',
        9,
        'Administrative duty assigned by the school',
        68.00,
        8,
        '2025-08-18 18:06:23',
        '2025-08-18 18:06:23'
    ),
    (
        73,
        '6531503176',
        9,
        'Academic Administration assigned by the School or University',
        0.00,
        1,
        '2025-08-18 18:06:23',
        '2025-08-18 18:06:23'
    ),
    (
        74,
        '6531503176',
        9,
        'Coordination with Guest Lecturer',
        0.00,
        2,
        '2025-08-18 18:06:23',
        '2025-08-18 18:06:23'
    ),
    (
        75,
        '6531503176',
        9,
        'Course Coordination',
        16.00,
        3,
        '2025-08-18 18:06:23',
        '2025-08-18 18:06:23'
    ),
    (
        76,
        '6531503176',
        9,
        'University\'s Committee or Committee-Appointed Working Group',
        38.00,
        4,
        '2025-08-18 18:06:23',
        '2025-08-18 18:06:23'
    ),
    (
        77,
        '6531503176',
        9,
        'School\'s Committee or Committee-Appointed Working Group',
        32.00,
        5,
        '2025-08-18 18:06:23',
        '2025-08-18 18:06:23'
    ),
    (
        78,
        '6531503176',
        9,
        'School Committee',
        0.00,
        6,
        '2025-08-18 18:06:23',
        '2025-08-18 18:06:23'
    ),
    (
        79,
        '6531503176',
        9,
        'Curricular Committee',
        0.00,
        7,
        '2025-08-18 18:06:23',
        '2025-08-18 18:06:23'
    ),
    (
        80,
        '6531503176',
        9,
        'Administrative duty assigned by the school',
        75.00,
        8,
        '2025-08-18 18:06:23',
        '2025-08-18 18:06:23'
    ),
    (
        81,
        '6631205226',
        9,
        'Academic Administration assigned by the School or University',
        0.00,
        1,
        '2025-08-18 18:06:23',
        '2025-08-18 18:06:23'
    ),
    (
        82,
        '6631205226',
        9,
        'Coordination with Guest Lecturer',
        0.00,
        2,
        '2025-08-18 18:06:23',
        '2025-08-18 18:06:23'
    ),
    (
        83,
        '6631205226',
        9,
        'Course Coordination',
        13.00,
        3,
        '2025-08-18 18:06:23',
        '2025-08-18 18:06:23'
    ),
    (
        84,
        '6631205226',
        9,
        'University\'s Committee or Committee-Appointed Working Group',
        30.00,
        4,
        '2025-08-18 18:06:23',
        '2025-08-18 18:06:23'
    ),
    (
        85,
        '6631205226',
        9,
        'School\'s Committee or Committee-Appointed Working Group',
        25.00,
        5,
        '2025-08-18 18:06:23',
        '2025-08-18 18:06:23'
    ),
    (
        86,
        '6631205226',
        9,
        'School Committee',
        0.00,
        6,
        '2025-08-18 18:06:23',
        '2025-08-18 18:06:23'
    ),
    (
        87,
        '6631205226',
        9,
        'Curricular Committee',
        0.00,
        7,
        '2025-08-18 18:06:23',
        '2025-08-18 18:06:23'
    ),
    (
        88,
        '6631205226',
        9,
        'Administrative duty assigned by the school',
        62.00,
        8,
        '2025-08-18 18:06:23',
        '2025-08-18 18:06:23'
    ),
    (
        203,
        '6431703502',
        8,
        'Academic Administration assigned by the School or University',
        8.00,
        1,
        '2025-08-18 19:02:48',
        '2025-08-18 19:02:48'
    ),
    (
        204,
        '6431703502',
        8,
        'Coordination with Guest Lecturer',
        7.00,
        2,
        '2025-08-18 19:02:48',
        '2025-08-18 19:02:48'
    ),
    (
        205,
        '6431703502',
        8,
        'Course Coordination',
        6.00,
        3,
        '2025-08-18 19:02:48',
        '2025-08-18 19:02:48'
    ),
    (
        206,
        '6431703502',
        8,
        'University\'s Committee or Committee-Appointed Working Group',
        5.00,
        4,
        '2025-08-18 19:02:48',
        '2025-08-18 19:02:48'
    ),
    (
        207,
        '6431703502',
        8,
        'School\'s Committee or Committee-Appointed Working Group',
        4.00,
        5,
        '2025-08-18 19:02:48',
        '2025-08-18 19:02:48'
    ),
    (
        208,
        '6431703502',
        8,
        'School Committee',
        3.00,
        6,
        '2025-08-18 19:02:48',
        '2025-08-18 19:02:48'
    ),
    (
        209,
        '6431703502',
        8,
        'Curricular Committee',
        2.00,
        7,
        '2025-08-18 19:02:48',
        '2025-08-18 19:02:48'
    ),
    (
        210,
        '6431703502',
        8,
        'Administrative duty assigned by the school',
        1.00,
        8,
        '2025-08-18 19:02:48',
        '2025-08-18 19:02:48'
    ),
    (
        211,
        '6531503017',
        8,
        'Academic Administration assigned by the School or University',
        9.00,
        1,
        '2025-08-18 19:02:48',
        '2025-08-18 19:02:48'
    ),
    (
        212,
        '6531503017',
        8,
        'Coordination with Guest Lecturer',
        8.00,
        2,
        '2025-08-18 19:02:48',
        '2025-08-18 19:02:48'
    ),
    (
        213,
        '6531503017',
        8,
        'Course Coordination',
        7.00,
        3,
        '2025-08-18 19:02:48',
        '2025-08-18 19:02:48'
    ),
    (
        214,
        '6531503017',
        8,
        'University\'s Committee or Committee-Appointed Working Group',
        6.00,
        4,
        '2025-08-18 19:02:48',
        '2025-08-18 19:02:48'
    ),
    (
        215,
        '6531503017',
        8,
        'School\'s Committee or Committee-Appointed Working Group',
        5.00,
        5,
        '2025-08-18 19:02:48',
        '2025-08-18 19:02:48'
    ),
    (
        216,
        '6531503017',
        8,
        'School Committee',
        4.00,
        6,
        '2025-08-18 19:02:48',
        '2025-08-18 19:02:48'
    ),
    (
        217,
        '6531503017',
        8,
        'Curricular Committee',
        3.00,
        7,
        '2025-08-18 19:02:48',
        '2025-08-18 19:02:48'
    ),
    (
        218,
        '6531503017',
        8,
        'Administrative duty assigned by the school',
        2.00,
        8,
        '2025-08-18 19:02:48',
        '2025-08-18 19:02:48'
    ),
    (
        219,
        '6531503069',
        8,
        'Academic Administration assigned by the School or University',
        7.00,
        1,
        '2025-08-18 19:02:48',
        '2025-08-18 19:02:48'
    ),
    (
        220,
        '6531503069',
        8,
        'Coordination with Guest Lecturer',
        6.00,
        2,
        '2025-08-18 19:02:48',
        '2025-08-18 19:02:48'
    ),
    (
        221,
        '6531503069',
        8,
        'Course Coordination',
        5.00,
        3,
        '2025-08-18 19:02:48',
        '2025-08-18 19:02:48'
    ),
    (
        222,
        '6531503069',
        8,
        'University\'s Committee or Committee-Appointed Working Group',
        4.00,
        4,
        '2025-08-18 19:02:48',
        '2025-08-18 19:02:48'
    ),
    (
        223,
        '6531503069',
        8,
        'School\'s Committee or Committee-Appointed Working Group',
        3.00,
        5,
        '2025-08-18 19:02:48',
        '2025-08-18 19:02:48'
    ),
    (
        224,
        '6531503069',
        8,
        'School Committee',
        2.00,
        6,
        '2025-08-18 19:02:48',
        '2025-08-18 19:02:48'
    ),
    (
        225,
        '6531503069',
        8,
        'Curricular Committee',
        1.00,
        7,
        '2025-08-18 19:02:48',
        '2025-08-18 19:02:48'
    ),
    (
        226,
        '6531503069',
        8,
        'Administrative duty assigned by the school',
        0.00,
        8,
        '2025-08-18 19:02:48',
        '2025-08-18 19:02:48'
    ),
    (
        227,
        '6531503070',
        8,
        'Academic Administration assigned by the School or University',
        8.00,
        1,
        '2025-08-18 19:02:48',
        '2025-08-18 19:02:48'
    ),
    (
        228,
        '6531503070',
        8,
        'Coordination with Guest Lecturer',
        7.00,
        2,
        '2025-08-18 19:02:48',
        '2025-08-18 19:02:48'
    ),
    (
        229,
        '6531503070',
        8,
        'Course Coordination',
        6.00,
        3,
        '2025-08-18 19:02:48',
        '2025-08-18 19:02:48'
    ),
    (
        230,
        '6531503070',
        8,
        'University\'s Committee or Committee-Appointed Working Group',
        5.00,
        4,
        '2025-08-18 19:02:48',
        '2025-08-18 19:02:48'
    ),
    (
        231,
        '6531503070',
        8,
        'School\'s Committee or Committee-Appointed Working Group',
        4.00,
        5,
        '2025-08-18 19:02:48',
        '2025-08-18 19:02:48'
    ),
    (
        232,
        '6531503070',
        8,
        'School Committee',
        3.00,
        6,
        '2025-08-18 19:02:48',
        '2025-08-18 19:02:48'
    ),
    (
        233,
        '6531503070',
        8,
        'Curricular Committee',
        2.00,
        7,
        '2025-08-18 19:02:48',
        '2025-08-18 19:02:48'
    ),
    (
        234,
        '6531503070',
        8,
        'Administrative duty assigned by the school',
        1.00,
        8,
        '2025-08-18 19:02:48',
        '2025-08-18 19:02:48'
    ),
    (
        235,
        '6531503074',
        8,
        'Academic Administration assigned by the School or University',
        9.00,
        1,
        '2025-08-18 19:02:48',
        '2025-08-18 19:02:48'
    ),
    (
        236,
        '6531503074',
        8,
        'Coordination with Guest Lecturer',
        8.00,
        2,
        '2025-08-18 19:02:48',
        '2025-08-18 19:02:48'
    ),
    (
        237,
        '6531503074',
        8,
        'Course Coordination',
        7.00,
        3,
        '2025-08-18 19:02:48',
        '2025-08-18 19:02:48'
    ),
    (
        238,
        '6531503074',
        8,
        'University\'s Committee or Committee-Appointed Working Group',
        6.00,
        4,
        '2025-08-18 19:02:48',
        '2025-08-18 19:02:48'
    ),
    (
        239,
        '6531503074',
        8,
        'School\'s Committee or Committee-Appointed Working Group',
        5.00,
        5,
        '2025-08-18 19:02:48',
        '2025-08-18 19:02:48'
    ),
    (
        240,
        '6531503074',
        8,
        'School Committee',
        4.00,
        6,
        '2025-08-18 19:02:48',
        '2025-08-18 19:02:48'
    ),
    (
        241,
        '6531503074',
        8,
        'Curricular Committee',
        3.00,
        7,
        '2025-08-18 19:02:48',
        '2025-08-18 19:02:48'
    ),
    (
        242,
        '6531503074',
        8,
        'Administrative duty assigned by the school',
        2.00,
        8,
        '2025-08-18 19:02:48',
        '2025-08-18 19:02:48'
    ),
    (
        243,
        '6531503137',
        8,
        'Academic Administration assigned by the School or University',
        6.00,
        1,
        '2025-08-18 19:02:48',
        '2025-08-18 19:02:48'
    ),
    (
        244,
        '6531503137',
        8,
        'Coordination with Guest Lecturer',
        5.00,
        2,
        '2025-08-18 19:02:48',
        '2025-08-18 19:02:48'
    ),
    (
        245,
        '6531503137',
        8,
        'Course Coordination',
        4.00,
        3,
        '2025-08-18 19:02:48',
        '2025-08-18 19:02:48'
    ),
    (
        246,
        '6531503137',
        8,
        'University\'s Committee or Committee-Appointed Working Group',
        3.00,
        4,
        '2025-08-18 19:02:48',
        '2025-08-18 19:02:48'
    ),
    (
        247,
        '6531503137',
        8,
        'School\'s Committee or Committee-Appointed Working Group',
        2.00,
        5,
        '2025-08-18 19:02:48',
        '2025-08-18 19:02:48'
    ),
    (
        248,
        '6531503137',
        8,
        'School Committee',
        1.00,
        6,
        '2025-08-18 19:02:48',
        '2025-08-18 19:02:48'
    ),
    (
        249,
        '6531503137',
        8,
        'Curricular Committee',
        0.00,
        7,
        '2025-08-18 19:02:48',
        '2025-08-18 19:02:48'
    ),
    (
        250,
        '6531503137',
        8,
        'Administrative duty assigned by the school',
        0.00,
        8,
        '2025-08-18 19:02:48',
        '2025-08-18 19:02:48'
    ),
    (
        251,
        '6531503172',
        8,
        'Academic Administration assigned by the School or University',
        7.00,
        1,
        '2025-08-18 19:02:48',
        '2025-08-18 19:02:48'
    ),
    (
        252,
        '6531503172',
        8,
        'Coordination with Guest Lecturer',
        6.00,
        2,
        '2025-08-18 19:02:48',
        '2025-08-18 19:02:48'
    ),
    (
        253,
        '6531503172',
        8,
        'Course Coordination',
        5.00,
        3,
        '2025-08-18 19:02:48',
        '2025-08-18 19:02:48'
    ),
    (
        254,
        '6531503172',
        8,
        'University\'s Committee or Committee-Appointed Working Group',
        4.00,
        4,
        '2025-08-18 19:02:48',
        '2025-08-18 19:02:48'
    ),
    (
        255,
        '6531503172',
        8,
        'School\'s Committee or Committee-Appointed Working Group',
        3.00,
        5,
        '2025-08-18 19:02:48',
        '2025-08-18 19:02:48'
    ),
    (
        256,
        '6531503172',
        8,
        'School Committee',
        2.00,
        6,
        '2025-08-18 19:02:48',
        '2025-08-18 19:02:48'
    ),
    (
        257,
        '6531503172',
        8,
        'Curricular Committee',
        1.00,
        7,
        '2025-08-18 19:02:48',
        '2025-08-18 19:02:48'
    ),
    (
        258,
        '6531503172',
        8,
        'Administrative duty assigned by the school',
        0.00,
        8,
        '2025-08-18 19:02:48',
        '2025-08-18 19:02:48'
    ),
    (
        259,
        '6531503174',
        8,
        'Academic Administration assigned by the School or University',
        8.00,
        1,
        '2025-08-18 19:02:48',
        '2025-08-18 19:02:48'
    ),
    (
        260,
        '6531503174',
        8,
        'Coordination with Guest Lecturer',
        7.00,
        2,
        '2025-08-18 19:02:48',
        '2025-08-18 19:02:48'
    ),
    (
        261,
        '6531503174',
        8,
        'Course Coordination',
        6.00,
        3,
        '2025-08-18 19:02:48',
        '2025-08-18 19:02:48'
    ),
    (
        262,
        '6531503174',
        8,
        'University\'s Committee or Committee-Appointed Working Group',
        5.00,
        4,
        '2025-08-18 19:02:48',
        '2025-08-18 19:02:48'
    ),
    (
        263,
        '6531503174',
        8,
        'School\'s Committee or Committee-Appointed Working Group',
        4.00,
        5,
        '2025-08-18 19:02:48',
        '2025-08-18 19:02:48'
    ),
    (
        264,
        '6531503174',
        8,
        'School Committee',
        3.00,
        6,
        '2025-08-18 19:02:48',
        '2025-08-18 19:02:48'
    ),
    (
        265,
        '6531503174',
        8,
        'Curricular Committee',
        2.00,
        7,
        '2025-08-18 19:02:48',
        '2025-08-18 19:02:48'
    ),
    (
        266,
        '6531503174',
        8,
        'Administrative duty assigned by the school',
        1.00,
        8,
        '2025-08-18 19:02:48',
        '2025-08-18 19:02:48'
    ),
    (
        267,
        '6531503176',
        8,
        'Academic Administration assigned by the School or University',
        6.00,
        1,
        '2025-08-18 19:02:48',
        '2025-08-18 19:02:48'
    ),
    (
        268,
        '6531503176',
        8,
        'Coordination with Guest Lecturer',
        5.00,
        2,
        '2025-08-18 19:02:48',
        '2025-08-18 19:02:48'
    ),
    (
        269,
        '6531503176',
        8,
        'Course Coordination',
        4.00,
        3,
        '2025-08-18 19:02:48',
        '2025-08-18 19:02:48'
    ),
    (
        270,
        '6531503176',
        8,
        'University\'s Committee or Committee-Appointed Working Group',
        3.00,
        4,
        '2025-08-18 19:02:48',
        '2025-08-18 19:02:48'
    ),
    (
        271,
        '6531503176',
        8,
        'School\'s Committee or Committee-Appointed Working Group',
        2.00,
        5,
        '2025-08-18 19:02:48',
        '2025-08-18 19:02:48'
    ),
    (
        272,
        '6531503176',
        8,
        'School Committee',
        1.00,
        6,
        '2025-08-18 19:02:48',
        '2025-08-18 19:02:48'
    ),
    (
        273,
        '6531503176',
        8,
        'Curricular Committee',
        0.00,
        7,
        '2025-08-18 19:02:48',
        '2025-08-18 19:02:48'
    ),
    (
        274,
        '6531503176',
        8,
        'Administrative duty assigned by the school',
        0.00,
        8,
        '2025-08-18 19:02:48',
        '2025-08-18 19:02:48'
    ),
    (
        275,
        '6631205226',
        8,
        'Academic Administration assigned by the School or University',
        7.00,
        1,
        '2025-08-18 19:02:48',
        '2025-08-18 19:02:48'
    ),
    (
        276,
        '6631205226',
        8,
        'Coordination with Guest Lecturer',
        6.00,
        2,
        '2025-08-18 19:02:48',
        '2025-08-18 19:02:48'
    ),
    (
        277,
        '6631205226',
        8,
        'Course Coordination',
        5.00,
        3,
        '2025-08-18 19:02:48',
        '2025-08-18 19:02:48'
    ),
    (
        278,
        '6631205226',
        8,
        'University\'s Committee or Committee-Appointed Working Group',
        4.00,
        4,
        '2025-08-18 19:02:48',
        '2025-08-18 19:02:48'
    ),
    (
        279,
        '6631205226',
        8,
        'School\'s Committee or Committee-Appointed Working Group',
        3.00,
        5,
        '2025-08-18 19:02:48',
        '2025-08-18 19:02:48'
    ),
    (
        280,
        '6631205226',
        8,
        'School Committee',
        2.00,
        6,
        '2025-08-18 19:02:48',
        '2025-08-18 19:02:48'
    ),
    (
        281,
        '6631205226',
        8,
        'Curricular Committee',
        1.00,
        7,
        '2025-08-18 19:02:48',
        '2025-08-18 19:02:48'
    ),
    (
        282,
        '6631205226',
        8,
        'Administrative duty assigned by the school',
        0.00,
        8,
        '2025-08-18 19:02:48',
        '2025-08-18 19:02:48'
    );
/*!40000 ALTER TABLE `administration_performance` ENABLE KEYS */
;
UNLOCK TABLES;

--
-- Table structure for table `arts_culture_performance`
--

DROP TABLE IF EXISTS `arts_culture_performance`;
/*!40101 SET @saved_cs_client     = @@character_set_client */
;
/*!50503 SET character_set_client = utf8mb4 */
;
CREATE TABLE `arts_culture_performance` (
    `id` int NOT NULL AUTO_INCREMENT,
    `staff_code` varchar(20) NOT NULL,
    `evaluateid` int NOT NULL,
    `category` varchar(100) NOT NULL,
    `score` decimal(10, 2) DEFAULT '0.00',
    `display_order` int NOT NULL,
    `created_at` timestamp NULL DEFAULT CURRENT_TIMESTAMP,
    `updated_at` timestamp NULL DEFAULT CURRENT_TIMESTAMP ON UPDATE CURRENT_TIMESTAMP,
    PRIMARY KEY (`id`),
    KEY `evaluateid` (`evaluateid`),
    KEY `idx_staff_evaluate` (`staff_code`, `evaluateid`),
    KEY `idx_display_order` (`display_order`),
    CONSTRAINT `arts_culture_performance_ibfk_1` FOREIGN KEY (`evaluateid`) REFERENCES `evaluation_periods` (`evaluateid`)
) ENGINE = InnoDB AUTO_INCREMENT = 196 DEFAULT CHARSET = utf8mb4 COLLATE = utf8mb4_0900_ai_ci;
/*!40101 SET character_set_client = @saved_cs_client */
;

--
-- Dumping data for table `arts_culture_performance`
--

LOCK TABLES `arts_culture_performance` WRITE;
/*!40000 ALTER TABLE `arts_culture_performance` DISABLE KEYS */
;
INSERT INTO
    `arts_culture_performance`
VALUES (
        1,
        '6531503172',
        9,
        'Arts & Culture Conservation Performance',
        0.00,
        1,
        '2025-08-18 18:14:49',
        '2025-08-18 18:14:49'
    ),
    (
        2,
        '6531503172',
        9,
        'Organization development or participation',
        0.00,
        2,
        '2025-08-18 18:14:49',
        '2025-08-18 18:14:49'
    ),
    (
        3,
        '6531503172',
        9,
        'Self-development',
        5.00,
        3,
        '2025-08-18 18:14:49',
        '2025-08-18 18:14:49'
    ),
    (
        4,
        '6531503172',
        9,
        'Student Development activites',
        5.00,
        4,
        '2025-08-18 18:14:49',
        '2025-08-18 18:14:49'
    ),
    (
        5,
        '6531503172',
        9,
        'MFU-arranged arts & culture conservation activities',
        5.00,
        5,
        '2025-08-18 18:14:49',
        '2025-08-18 18:14:49'
    ),
    (
        11,
        '6531503017',
        9,
        'Arts & Culture Conservation Performance',
        0.00,
        1,
        '2025-08-18 18:14:49',
        '2025-08-18 18:14:49'
    ),
    (
        12,
        '6531503017',
        9,
        'Organization development or participation',
        0.00,
        2,
        '2025-08-18 18:14:49',
        '2025-08-18 18:14:49'
    ),
    (
        13,
        '6531503017',
        9,
        'Self-development',
        6.00,
        3,
        '2025-08-18 18:14:49',
        '2025-08-18 18:14:49'
    ),
    (
        14,
        '6531503017',
        9,
        'Student Development activites',
        6.00,
        4,
        '2025-08-18 18:14:49',
        '2025-08-18 18:14:49'
    ),
    (
        15,
        '6531503017',
        9,
        'MFU-arranged arts & culture conservation activities',
        6.00,
        5,
        '2025-08-18 18:14:49',
        '2025-08-18 18:14:49'
    ),
    (
        21,
        '6531503069',
        9,
        'Arts & Culture Conservation Performance',
        0.00,
        1,
        '2025-08-18 18:14:49',
        '2025-08-18 18:14:49'
    ),
    (
        22,
        '6531503069',
        9,
        'Organization development or participation',
        0.00,
        2,
        '2025-08-18 18:14:49',
        '2025-08-18 18:14:49'
    ),
    (
        23,
        '6531503069',
        9,
        'Self-development',
        7.00,
        3,
        '2025-08-18 18:14:49',
        '2025-08-18 18:14:49'
    ),
    (
        24,
        '6531503069',
        9,
        'Student Development activites',
        7.00,
        4,
        '2025-08-18 18:14:49',
        '2025-08-18 18:14:49'
    ),
    (
        25,
        '6531503069',
        9,
        'MFU-arranged arts & culture conservation activities',
        7.00,
        5,
        '2025-08-18 18:14:49',
        '2025-08-18 18:14:49'
    ),
    (
        26,
        '6531503070',
        9,
        'Arts & Culture Conservation Performance',
        0.00,
        1,
        '2025-08-18 18:14:49',
        '2025-08-18 18:14:49'
    ),
    (
        27,
        '6531503070',
        9,
        'Organization development or participation',
        0.00,
        2,
        '2025-08-18 18:14:49',
        '2025-08-18 18:14:49'
    ),
    (
        28,
        '6531503070',
        9,
        'Self-development',
        4.00,
        3,
        '2025-08-18 18:14:49',
        '2025-08-18 18:14:49'
    ),
    (
        29,
        '6531503070',
        9,
        'Student Development activites',
        4.00,
        4,
        '2025-08-18 18:14:49',
        '2025-08-18 18:14:49'
    ),
    (
        30,
        '6531503070',
        9,
        'MFU-arranged arts & culture conservation activities',
        4.00,
        5,
        '2025-08-18 18:14:49',
        '2025-08-18 18:14:49'
    ),
    (
        31,
        '6531503074',
        9,
        'Arts & Culture Conservation Performance',
        0.00,
        1,
        '2025-08-18 18:14:49',
        '2025-08-18 18:14:49'
    ),
    (
        32,
        '6531503074',
        9,
        'Organization development or participation',
        0.00,
        2,
        '2025-08-18 18:14:49',
        '2025-08-18 18:14:49'
    ),
    (
        33,
        '6531503074',
        9,
        'Self-development',
        8.00,
        3,
        '2025-08-18 18:14:49',
        '2025-08-18 18:14:49'
    ),
    (
        34,
        '6531503074',
        9,
        'Student Development activites',
        8.00,
        4,
        '2025-08-18 18:14:49',
        '2025-08-18 18:14:49'
    ),
    (
        35,
        '6531503074',
        9,
        'MFU-arranged arts & culture conservation activities',
        8.00,
        5,
        '2025-08-18 18:14:49',
        '2025-08-18 18:14:49'
    ),
    (
        36,
        '6531503137',
        9,
        'Arts & Culture Conservation Performance',
        0.00,
        1,
        '2025-08-18 18:14:49',
        '2025-08-18 18:14:49'
    ),
    (
        37,
        '6531503137',
        9,
        'Organization development or participation',
        0.00,
        2,
        '2025-08-18 18:14:49',
        '2025-08-18 18:14:49'
    ),
    (
        38,
        '6531503137',
        9,
        'Self-development',
        5.00,
        3,
        '2025-08-18 18:14:49',
        '2025-08-18 18:14:49'
    ),
    (
        39,
        '6531503137',
        9,
        'Student Development activites',
        5.00,
        4,
        '2025-08-18 18:14:49',
        '2025-08-18 18:14:49'
    ),
    (
        40,
        '6531503137',
        9,
        'MFU-arranged arts & culture conservation activities',
        5.00,
        5,
        '2025-08-18 18:14:49',
        '2025-08-18 18:14:49'
    ),
    (
        41,
        '6531503174',
        9,
        'Arts & Culture Conservation Performance',
        0.00,
        1,
        '2025-08-18 18:14:49',
        '2025-08-18 18:14:49'
    ),
    (
        42,
        '6531503174',
        9,
        'Organization development or participation',
        0.00,
        2,
        '2025-08-18 18:14:49',
        '2025-08-18 18:14:49'
    ),
    (
        43,
        '6531503174',
        9,
        'Self-development',
        6.00,
        3,
        '2025-08-18 18:14:49',
        '2025-08-18 18:14:49'
    ),
    (
        44,
        '6531503174',
        9,
        'Student Development activites',
        6.00,
        4,
        '2025-08-18 18:14:49',
        '2025-08-18 18:14:49'
    ),
    (
        45,
        '6531503174',
        9,
        'MFU-arranged arts & culture conservation activities',
        6.00,
        5,
        '2025-08-18 18:14:49',
        '2025-08-18 18:14:49'
    ),
    (
        46,
        '6531503176',
        9,
        'Arts & Culture Conservation Performance',
        0.00,
        1,
        '2025-08-18 18:14:49',
        '2025-08-18 18:14:49'
    ),
    (
        47,
        '6531503176',
        9,
        'Organization development or participation',
        0.00,
        2,
        '2025-08-18 18:14:49',
        '2025-08-18 18:14:49'
    ),
    (
        48,
        '6531503176',
        9,
        'Self-development',
        7.00,
        3,
        '2025-08-18 18:14:49',
        '2025-08-18 18:14:49'
    ),
    (
        49,
        '6531503176',
        9,
        'Student Development activites',
        7.00,
        4,
        '2025-08-18 18:14:49',
        '2025-08-18 18:14:49'
    ),
    (
        50,
        '6531503176',
        9,
        'MFU-arranged arts & culture conservation activities',
        7.00,
        5,
        '2025-08-18 18:14:49',
        '2025-08-18 18:14:49'
    ),
    (
        51,
        '6631205226',
        9,
        'Arts & Culture Conservation Performance',
        0.00,
        1,
        '2025-08-18 18:14:49',
        '2025-08-18 18:14:49'
    ),
    (
        52,
        '6631205226',
        9,
        'Organization development or participation',
        0.00,
        2,
        '2025-08-18 18:14:49',
        '2025-08-18 18:14:49'
    ),
    (
        53,
        '6631205226',
        9,
        'Self-development',
        5.00,
        3,
        '2025-08-18 18:14:49',
        '2025-08-18 18:14:49'
    ),
    (
        54,
        '6631205226',
        9,
        'Student Development activites',
        5.00,
        4,
        '2025-08-18 18:14:49',
        '2025-08-18 18:14:49'
    ),
    (
        55,
        '6631205226',
        9,
        'MFU-arranged arts & culture conservation activities',
        5.00,
        5,
        '2025-08-18 18:14:49',
        '2025-08-18 18:14:49'
    ),
    (
        146,
        '6431703502',
        8,
        'Arts & Culture Conservation Performance',
        0.00,
        1,
        '2025-08-18 19:02:48',
        '2025-08-18 19:02:48'
    ),
    (
        147,
        '6431703502',
        8,
        'Organization development or participation',
        0.00,
        2,
        '2025-08-18 19:02:48',
        '2025-08-18 19:02:48'
    ),
    (
        148,
        '6431703502',
        8,
        'Self-development',
        7.00,
        3,
        '2025-08-18 19:02:48',
        '2025-08-18 19:02:48'
    ),
    (
        149,
        '6431703502',
        8,
        'Student Development activites',
        7.00,
        4,
        '2025-08-18 19:02:48',
        '2025-08-18 19:02:48'
    ),
    (
        150,
        '6431703502',
        8,
        'MFU-arranged arts & culture conservation activities',
        7.00,
        5,
        '2025-08-18 19:02:48',
        '2025-08-18 19:02:48'
    ),
    (
        151,
        '6531503017',
        8,
        'Arts & Culture Conservation Performance',
        0.00,
        1,
        '2025-08-18 19:02:48',
        '2025-08-18 19:02:48'
    ),
    (
        152,
        '6531503017',
        8,
        'Organization development or participation',
        0.00,
        2,
        '2025-08-18 19:02:48',
        '2025-08-18 19:02:48'
    ),
    (
        153,
        '6531503017',
        8,
        'Self-development',
        8.00,
        3,
        '2025-08-18 19:02:48',
        '2025-08-18 19:02:48'
    ),
    (
        154,
        '6531503017',
        8,
        'Student Development activites',
        8.00,
        4,
        '2025-08-18 19:02:48',
        '2025-08-18 19:02:48'
    ),
    (
        155,
        '6531503017',
        8,
        'MFU-arranged arts & culture conservation activities',
        8.00,
        5,
        '2025-08-18 19:02:48',
        '2025-08-18 19:02:48'
    ),
    (
        156,
        '6531503069',
        8,
        'Arts & Culture Conservation Performance',
        0.00,
        1,
        '2025-08-18 19:02:48',
        '2025-08-18 19:02:48'
    ),
    (
        157,
        '6531503069',
        8,
        'Organization development or participation',
        0.00,
        2,
        '2025-08-18 19:02:48',
        '2025-08-18 19:02:48'
    ),
    (
        158,
        '6531503069',
        8,
        'Self-development',
        6.00,
        3,
        '2025-08-18 19:02:48',
        '2025-08-18 19:02:48'
    ),
    (
        159,
        '6531503069',
        8,
        'Student Development activites',
        6.00,
        4,
        '2025-08-18 19:02:48',
        '2025-08-18 19:02:48'
    ),
    (
        160,
        '6531503069',
        8,
        'MFU-arranged arts & culture conservation activities',
        6.00,
        5,
        '2025-08-18 19:02:48',
        '2025-08-18 19:02:48'
    ),
    (
        161,
        '6531503070',
        8,
        'Arts & Culture Conservation Performance',
        0.00,
        1,
        '2025-08-18 19:02:48',
        '2025-08-18 19:02:48'
    ),
    (
        162,
        '6531503070',
        8,
        'Organization development or participation',
        0.00,
        2,
        '2025-08-18 19:02:48',
        '2025-08-18 19:02:48'
    ),
    (
        163,
        '6531503070',
        8,
        'Self-development',
        7.00,
        3,
        '2025-08-18 19:02:48',
        '2025-08-18 19:02:48'
    ),
    (
        164,
        '6531503070',
        8,
        'Student Development activites',
        7.00,
        4,
        '2025-08-18 19:02:48',
        '2025-08-18 19:02:48'
    ),
    (
        165,
        '6531503070',
        8,
        'MFU-arranged arts & culture conservation activities',
        7.00,
        5,
        '2025-08-18 19:02:48',
        '2025-08-18 19:02:48'
    ),
    (
        166,
        '6531503074',
        8,
        'Arts & Culture Conservation Performance',
        0.00,
        1,
        '2025-08-18 19:02:48',
        '2025-08-18 19:02:48'
    ),
    (
        167,
        '6531503074',
        8,
        'Organization development or participation',
        0.00,
        2,
        '2025-08-18 19:02:48',
        '2025-08-18 19:02:48'
    ),
    (
        168,
        '6531503074',
        8,
        'Self-development',
        8.00,
        3,
        '2025-08-18 19:02:48',
        '2025-08-18 19:02:48'
    ),
    (
        169,
        '6531503074',
        8,
        'Student Development activites',
        8.00,
        4,
        '2025-08-18 19:02:48',
        '2025-08-18 19:02:48'
    ),
    (
        170,
        '6531503074',
        8,
        'MFU-arranged arts & culture conservation activities',
        8.00,
        5,
        '2025-08-18 19:02:48',
        '2025-08-18 19:02:48'
    ),
    (
        171,
        '6531503137',
        8,
        'Arts & Culture Conservation Performance',
        0.00,
        1,
        '2025-08-18 19:02:48',
        '2025-08-18 19:02:48'
    ),
    (
        172,
        '6531503137',
        8,
        'Organization development or participation',
        0.00,
        2,
        '2025-08-18 19:02:48',
        '2025-08-18 19:02:48'
    ),
    (
        173,
        '6531503137',
        8,
        'Self-development',
        5.00,
        3,
        '2025-08-18 19:02:48',
        '2025-08-18 19:02:48'
    ),
    (
        174,
        '6531503137',
        8,
        'Student Development activites',
        5.00,
        4,
        '2025-08-18 19:02:48',
        '2025-08-18 19:02:48'
    ),
    (
        175,
        '6531503137',
        8,
        'MFU-arranged arts & culture conservation activities',
        5.00,
        5,
        '2025-08-18 19:02:48',
        '2025-08-18 19:02:48'
    ),
    (
        176,
        '6531503172',
        8,
        'Arts & Culture Conservation Performance',
        0.00,
        1,
        '2025-08-18 19:02:48',
        '2025-08-18 19:02:48'
    ),
    (
        177,
        '6531503172',
        8,
        'Organization development or participation',
        0.00,
        2,
        '2025-08-18 19:02:48',
        '2025-08-18 19:02:48'
    ),
    (
        178,
        '6531503172',
        8,
        'Self-development',
        6.00,
        3,
        '2025-08-18 19:02:48',
        '2025-08-18 19:02:48'
    ),
    (
        179,
        '6531503172',
        8,
        'Student Development activites',
        6.00,
        4,
        '2025-08-18 19:02:48',
        '2025-08-18 19:02:48'
    ),
    (
        180,
        '6531503172',
        8,
        'MFU-arranged arts & culture conservation activities',
        6.00,
        5,
        '2025-08-18 19:02:48',
        '2025-08-18 19:02:48'
    ),
    (
        181,
        '6531503174',
        8,
        'Arts & Culture Conservation Performance',
        0.00,
        1,
        '2025-08-18 19:02:48',
        '2025-08-18 19:02:48'
    ),
    (
        182,
        '6531503174',
        8,
        'Organization development or participation',
        0.00,
        2,
        '2025-08-18 19:02:48',
        '2025-08-18 19:02:48'
    ),
    (
        183,
        '6531503174',
        8,
        'Self-development',
        7.00,
        3,
        '2025-08-18 19:02:48',
        '2025-08-18 19:02:48'
    ),
    (
        184,
        '6531503174',
        8,
        'Student Development activites',
        7.00,
        4,
        '2025-08-18 19:02:48',
        '2025-08-18 19:02:48'
    ),
    (
        185,
        '6531503174',
        8,
        'MFU-arranged arts & culture conservation activities',
        7.00,
        5,
        '2025-08-18 19:02:48',
        '2025-08-18 19:02:48'
    ),
    (
        186,
        '6531503176',
        8,
        'Arts & Culture Conservation Performance',
        0.00,
        1,
        '2025-08-18 19:02:48',
        '2025-08-18 19:02:48'
    ),
    (
        187,
        '6531503176',
        8,
        'Organization development or participation',
        0.00,
        2,
        '2025-08-18 19:02:48',
        '2025-08-18 19:02:48'
    ),
    (
        188,
        '6531503176',
        8,
        'Self-development',
        5.00,
        3,
        '2025-08-18 19:02:48',
        '2025-08-18 19:02:48'
    ),
    (
        189,
        '6531503176',
        8,
        'Student Development activites',
        5.00,
        4,
        '2025-08-18 19:02:48',
        '2025-08-18 19:02:48'
    ),
    (
        190,
        '6531503176',
        8,
        'MFU-arranged arts & culture conservation activities',
        5.00,
        5,
        '2025-08-18 19:02:48',
        '2025-08-18 19:02:48'
    ),
    (
        191,
        '6631205226',
        8,
        'Arts & Culture Conservation Performance',
        0.00,
        1,
        '2025-08-18 19:02:48',
        '2025-08-18 19:02:48'
    ),
    (
        192,
        '6631205226',
        8,
        'Organization development or participation',
        0.00,
        2,
        '2025-08-18 19:02:48',
        '2025-08-18 19:02:48'
    ),
    (
        193,
        '6631205226',
        8,
        'Self-development',
        6.00,
        3,
        '2025-08-18 19:02:48',
        '2025-08-18 19:02:48'
    ),
    (
        194,
        '6631205226',
        8,
        'Student Development activites',
        6.00,
        4,
        '2025-08-18 19:02:48',
        '2025-08-18 19:02:48'
    ),
    (
        195,
        '6631205226',
        8,
        'MFU-arranged arts & culture conservation activities',
        6.00,
        5,
        '2025-08-18 19:02:48',
        '2025-08-18 19:02:48'
    );
/*!40000 ALTER TABLE `arts_culture_performance` ENABLE KEYS */
;
UNLOCK TABLES;

--
-- Table structure for table `budget_categories`
--

DROP TABLE IF EXISTS `budget_categories`;
/*!40101 SET @saved_cs_client     = @@character_set_client */
;
/*!50503 SET character_set_client = utf8mb4 */
;
CREATE TABLE `budget_categories` (
    `id` int NOT NULL AUTO_INCREMENT,
    `name` varchar(100) NOT NULL,
    `color` varchar(7) NOT NULL,
    `total_budget` decimal(10, 2) NOT NULL DEFAULT '0.00',
    `spent_amount` decimal(10, 2) NOT NULL DEFAULT '0.00',
    `year` int NOT NULL DEFAULT '2025',
    `staff_code` varchar(20) NOT NULL,
    `created_at` timestamp NULL DEFAULT CURRENT_TIMESTAMP,
    `updated_at` timestamp NULL DEFAULT CURRENT_TIMESTAMP ON UPDATE CURRENT_TIMESTAMP,
    PRIMARY KEY (`id`),
    KEY `idx_staff_year` (`staff_code`, `year`)
) ENGINE = InnoDB AUTO_INCREMENT = 61 DEFAULT CHARSET = utf8mb4 COLLATE = utf8mb4_0900_ai_ci;
/*!40101 SET character_set_client = @saved_cs_client */
;

--
-- Dumping data for table `budget_categories`
--

LOCK TABLES `budget_categories` WRITE;
/*!40000 ALTER TABLE `budget_categories` DISABLE KEYS */
;
INSERT INTO
    `budget_categories`
VALUES (
        1,
        'Self Development',
        '#3B82F6',
        12000.00,
        7200.00,
        2025,
        '6431703502',
        '2025-08-05 22:39:46',
        '2025-08-05 22:39:46'
    ),
    (
        2,
        'Academic Service Project',
        '#EC4899',
        45000.00,
        15300.00,
        2025,
        '6431703502',
        '2025-08-05 22:39:46',
        '2025-08-05 22:39:46'
    ),
    (
        3,
        'Research Project',
        '#8B5CF6',
        20000.00,
        6000.00,
        2025,
        '6431703502',
        '2025-08-05 22:39:46',
        '2025-08-05 22:39:46'
    ),
    (
        4,
        'Guest Speaker',
        '#10B981',
        18000.00,
        2160.00,
        2025,
        '6431703502',
        '2025-08-05 22:39:46',
        '2025-08-05 22:39:46'
    ),
    (
        5,
        'Guest Lecturer',
        '#F59E0B',
        16000.00,
        1920.00,
        2025,
        '6431703502',
        '2025-08-05 22:39:46',
        '2025-08-05 22:39:46'
    ),
    (
        6,
        'Student Activity',
        '#EF4444',
        14000.00,
        1680.00,
        2025,
        '6431703502',
        '2025-08-05 22:39:46',
        '2025-08-05 22:39:46'
    ),
    (
        7,
        'Self Development',
        '#3B82F6',
        11000.00,
        6600.00,
        2025,
        '6531503017',
        '2025-08-05 22:39:46',
        '2025-08-05 22:39:46'
    ),
    (
        8,
        'Academic Service Project',
        '#EC4899',
        40000.00,
        13600.00,
        2025,
        '6531503017',
        '2025-08-05 22:39:46',
        '2025-08-05 22:39:46'
    ),
    (
        9,
        'Research Project',
        '#8B5CF6',
        22000.00,
        6600.00,
        2025,
        '6531503017',
        '2025-08-05 22:39:46',
        '2025-08-05 22:39:46'
    ),
    (
        10,
        'Guest Speaker',
        '#10B981',
        17000.00,
        2040.00,
        2025,
        '6531503017',
        '2025-08-05 22:39:46',
        '2025-08-05 22:39:46'
    ),
    (
        11,
        'Guest Lecturer',
        '#F59E0B',
        15000.00,
        1800.00,
        2025,
        '6531503017',
        '2025-08-05 22:39:46',
        '2025-08-05 22:39:46'
    ),
    (
        12,
        'Student Activity',
        '#EF4444',
        13000.00,
        1560.00,
        2025,
        '6531503017',
        '2025-08-05 22:39:46',
        '2025-08-05 22:39:46'
    ),
    (
        13,
        'Self Development',
        '#3B82F6',
        10500.00,
        6300.00,
        2025,
        '6531503069',
        '2025-08-05 22:39:46',
        '2025-08-05 22:39:46'
    ),
    (
        14,
        'Academic Service Project',
        '#EC4899',
        38000.00,
        12920.00,
        2025,
        '6531503069',
        '2025-08-05 22:39:46',
        '2025-08-05 22:39:46'
    ),
    (
        15,
        'Research Project',
        '#8B5CF6',
        19000.00,
        5700.00,
        2025,
        '6531503069',
        '2025-08-05 22:39:46',
        '2025-08-05 22:39:46'
    ),
    (
        16,
        'Guest Speaker',
        '#10B981',
        16000.00,
        1920.00,
        2025,
        '6531503069',
        '2025-08-05 22:39:46',
        '2025-08-05 22:39:46'
    ),
    (
        17,
        'Guest Lecturer',
        '#F59E0B',
        14500.00,
        1740.00,
        2025,
        '6531503069',
        '2025-08-05 22:39:46',
        '2025-08-05 22:39:46'
    ),
    (
        18,
        'Student Activity',
        '#EF4444',
        12500.00,
        1500.00,
        2025,
        '6531503069',
        '2025-08-05 22:39:46',
        '2025-08-05 22:39:46'
    ),
    (
        19,
        'Self Development',
        '#3B82F6',
        13000.00,
        7800.00,
        2025,
        '6531503070',
        '2025-08-05 22:39:46',
        '2025-08-05 22:39:46'
    ),
    (
        20,
        'Academic Service Project',
        '#EC4899',
        47000.00,
        15980.00,
        2025,
        '6531503070',
        '2025-08-05 22:39:46',
        '2025-08-05 22:39:46'
    ),
    (
        21,
        'Research Project',
        '#8B5CF6',
        21000.00,
        6300.00,
        2025,
        '6531503070',
        '2025-08-05 22:39:46',
        '2025-08-05 22:39:46'
    ),
    (
        22,
        'Guest Speaker',
        '#10B981',
        19000.00,
        2280.00,
        2025,
        '6531503070',
        '2025-08-05 22:39:46',
        '2025-08-05 22:39:46'
    ),
    (
        23,
        'Guest Lecturer',
        '#F59E0B',
        17000.00,
        2040.00,
        2025,
        '6531503070',
        '2025-08-05 22:39:46',
        '2025-08-05 22:39:46'
    ),
    (
        24,
        'Student Activity',
        '#EF4444',
        15000.00,
        1800.00,
        2025,
        '6531503070',
        '2025-08-05 22:39:46',
        '2025-08-05 22:39:46'
    ),
    (
        25,
        'Self Development',
        '#3B82F6',
        9500.00,
        5700.00,
        2025,
        '6531503074',
        '2025-08-05 22:39:46',
        '2025-08-05 22:39:46'
    ),
    (
        26,
        'Academic Service Project',
        '#EC4899',
        35000.00,
        11900.00,
        2025,
        '6531503074',
        '2025-08-05 22:39:46',
        '2025-08-05 22:39:46'
    ),
    (
        27,
        'Research Project',
        '#8B5CF6',
        17000.00,
        5100.00,
        2025,
        '6531503074',
        '2025-08-05 22:39:46',
        '2025-08-05 22:39:46'
    ),
    (
        28,
        'Guest Speaker',
        '#10B981',
        15000.00,
        1800.00,
        2025,
        '6531503074',
        '2025-08-05 22:39:46',
        '2025-08-05 22:39:46'
    ),
    (
        29,
        'Guest Lecturer',
        '#F59E0B',
        13500.00,
        1620.00,
        2025,
        '6531503074',
        '2025-08-05 22:39:46',
        '2025-08-05 22:39:46'
    ),
    (
        30,
        'Student Activity',
        '#EF4444',
        11500.00,
        1380.00,
        2025,
        '6531503074',
        '2025-08-05 22:39:46',
        '2025-08-05 22:39:46'
    ),
    (
        31,
        'Self Development',
        '#3B82F6',
        11500.00,
        6900.00,
        2025,
        '6531503137',
        '2025-08-05 22:39:46',
        '2025-08-05 22:39:46'
    ),
    (
        32,
        'Academic Service Project',
        '#EC4899',
        42000.00,
        14280.00,
        2025,
        '6531503137',
        '2025-08-05 22:39:46',
        '2025-08-05 22:39:46'
    ),
    (
        33,
        'Research Project',
        '#8B5CF6',
        20500.00,
        6150.00,
        2025,
        '6531503137',
        '2025-08-05 22:39:46',
        '2025-08-05 22:39:46'
    ),
    (
        34,
        'Guest Speaker',
        '#10B981',
        17500.00,
        2100.00,
        2025,
        '6531503137',
        '2025-08-05 22:39:46',
        '2025-08-05 22:39:46'
    ),
    (
        35,
        'Guest Lecturer',
        '#F59E0B',
        16000.00,
        1920.00,
        2025,
        '6531503137',
        '2025-08-05 22:39:46',
        '2025-08-05 22:39:46'
    ),
    (
        36,
        'Student Activity',
        '#EF4444',
        14000.00,
        1680.00,
        2025,
        '6531503137',
        '2025-08-05 22:39:46',
        '2025-08-05 22:39:46'
    ),
    (
        37,
        'Self Development',
        '#3B82F6',
        10000.00,
        6400.00,
        2025,
        '6531503172',
        '2025-08-05 22:39:46',
        '2025-08-05 22:39:46'
    ),
    (
        38,
        'Academic Service Project',
        '#EC4899',
        42000.00,
        14112.00,
        2025,
        '6531503172',
        '2025-08-05 22:39:46',
        '2025-08-05 22:39:46'
    ),
    (
        39,
        'Research Project',
        '#8B5CF6',
        18000.00,
        5472.00,
        2025,
        '6531503172',
        '2025-08-05 22:39:46',
        '2025-08-05 22:39:46'
    ),
    (
        40,
        'Guest Speaker',
        '#10B981',
        15000.00,
        1800.00,
        2025,
        '6531503172',
        '2025-08-05 22:39:46',
        '2025-08-05 22:39:46'
    ),
    (
        41,
        'Guest Lecturer',
        '#F59E0B',
        15000.00,
        1800.00,
        2025,
        '6531503172',
        '2025-08-05 22:39:46',
        '2025-08-05 22:39:46'
    ),
    (
        42,
        'Student Activity',
        '#EF4444',
        15000.00,
        1800.00,
        2025,
        '6531503172',
        '2025-08-05 22:39:46',
        '2025-08-05 22:39:46'
    ),
    (
        43,
        'Self Development',
        '#3B82F6',
        12500.00,
        7500.00,
        2025,
        '6531503174',
        '2025-08-05 22:39:46',
        '2025-08-05 22:39:46'
    ),
    (
        44,
        'Academic Service Project',
        '#EC4899',
        44000.00,
        14960.00,
        2025,
        '6531503174',
        '2025-08-05 22:39:46',
        '2025-08-05 22:39:46'
    ),
    (
        45,
        'Research Project',
        '#8B5CF6',
        19500.00,
        5850.00,
        2025,
        '6531503174',
        '2025-08-05 22:39:46',
        '2025-08-05 22:39:46'
    ),
    (
        46,
        'Guest Speaker',
        '#10B981',
        18000.00,
        2160.00,
        2025,
        '6531503174',
        '2025-08-05 22:39:46',
        '2025-08-05 22:39:46'
    ),
    (
        47,
        'Guest Lecturer',
        '#F59E0B',
        16500.00,
        1980.00,
        2025,
        '6531503174',
        '2025-08-05 22:39:46',
        '2025-08-05 22:39:46'
    ),
    (
        48,
        'Student Activity',
        '#EF4444',
        14500.00,
        1740.00,
        2025,
        '6531503174',
        '2025-08-05 22:39:46',
        '2025-08-05 22:39:46'
    ),
    (
        49,
        'Self Development',
        '#3B82F6',
        10800.00,
        6480.00,
        2025,
        '6531503176',
        '2025-08-05 22:39:46',
        '2025-08-05 22:39:46'
    ),
    (
        50,
        'Academic Service Project',
        '#EC4899',
        41000.00,
        13940.00,
        2025,
        '6531503176',
        '2025-08-05 22:39:46',
        '2025-08-05 22:39:46'
    ),
    (
        51,
        'Research Project',
        '#8B5CF6',
        18500.00,
        5550.00,
        2025,
        '6531503176',
        '2025-08-05 22:39:46',
        '2025-08-05 22:39:46'
    ),
    (
        52,
        'Guest Speaker',
        '#10B981',
        16000.00,
        1920.00,
        2025,
        '6531503176',
        '2025-08-05 22:39:46',
        '2025-08-05 22:39:46'
    ),
    (
        53,
        'Guest Lecturer',
        '#F59E0B',
        15500.00,
        1860.00,
        2025,
        '6531503176',
        '2025-08-05 22:39:46',
        '2025-08-05 22:39:46'
    ),
    (
        54,
        'Student Activity',
        '#EF4444',
        13500.00,
        1620.00,
        2025,
        '6531503176',
        '2025-08-05 22:39:46',
        '2025-08-05 22:39:46'
    ),
    (
        55,
        'Self Development',
        '#3B82F6',
        9800.00,
        5880.00,
        2025,
        '6631205226',
        '2025-08-05 22:39:46',
        '2025-08-05 22:39:46'
    ),
    (
        56,
        'Academic Service Project',
        '#EC4899',
        36000.00,
        12240.00,
        2025,
        '6631205226',
        '2025-08-05 22:39:46',
        '2025-08-05 22:39:46'
    ),
    (
        57,
        'Research Project',
        '#8B5CF6',
        17500.00,
        5250.00,
        2025,
        '6631205226',
        '2025-08-05 22:39:46',
        '2025-08-05 22:39:46'
    ),
    (
        58,
        'Guest Speaker',
        '#10B981',
        15500.00,
        1860.00,
        2025,
        '6631205226',
        '2025-08-05 22:39:46',
        '2025-08-05 22:39:46'
    ),
    (
        59,
        'Guest Lecturer',
        '#F59E0B',
        14000.00,
        1680.00,
        2025,
        '6631205226',
        '2025-08-05 22:39:46',
        '2025-08-05 22:39:46'
    ),
    (
        60,
        'Student Activity',
        '#EF4444',
        12000.00,
        1440.00,
        2025,
        '6631205226',
        '2025-08-05 22:39:46',
        '2025-08-05 22:39:46'
    );
/*!40000 ALTER TABLE `budget_categories` ENABLE KEYS */
;
UNLOCK TABLES;

--
-- Table structure for table `budget_projects`
--

DROP TABLE IF EXISTS `budget_projects`;
/*!40101 SET @saved_cs_client     = @@character_set_client */
;
/*!50503 SET character_set_client = utf8mb4 */
;
CREATE TABLE `budget_projects` (
    `id` int NOT NULL AUTO_INCREMENT,
    `title` varchar(200) NOT NULL,
    `category_id` int NOT NULL,
    `budget_amount` decimal(10, 2) NOT NULL,
    `duration` varchar(50) NOT NULL,
    `year` int NOT NULL DEFAULT '2025',
    `staff_code` varchar(20) NOT NULL,
    `created_at` timestamp NULL DEFAULT CURRENT_TIMESTAMP,
    `updated_at` timestamp NULL DEFAULT CURRENT_TIMESTAMP ON UPDATE CURRENT_TIMESTAMP,
    PRIMARY KEY (`id`),
    KEY `category_id` (`category_id`),
    KEY `idx_staff_year` (`staff_code`, `year`),
    CONSTRAINT `budget_projects_ibfk_1` FOREIGN KEY (`category_id`) REFERENCES `budget_categories` (`id`) ON DELETE CASCADE
) ENGINE = InnoDB AUTO_INCREMENT = 33 DEFAULT CHARSET = utf8mb4 COLLATE = utf8mb4_0900_ai_ci;
/*!40101 SET character_set_client = @saved_cs_client */
;

--
-- Dumping data for table `budget_projects`
--

LOCK TABLES `budget_projects` WRITE;
/*!40000 ALTER TABLE `budget_projects` DISABLE KEYS */
;
INSERT INTO
    `budget_projects`
VALUES (
        1,
        'Professional Development Workshop',
        1,
        7200.00,
        '3 Month',
        2025,
        '6431703502',
        '2025-08-05 22:39:46',
        '2025-08-05 22:39:46'
    ),
    (
        2,
        'Community Service Initiative',
        2,
        15300.00,
        '12 Month',
        2025,
        '6431703502',
        '2025-08-05 22:39:46',
        '2025-08-05 22:39:46'
    ),
    (
        3,
        'AI Research Project',
        3,
        6000.00,
        '6 Month',
        2025,
        '6431703502',
        '2025-08-05 22:39:46',
        '2025-08-05 22:39:46'
    ),
    (
        4,
        'Guest Speaker Series',
        4,
        2160.00,
        '2 Month',
        2025,
        '6431703502',
        '2025-08-05 22:39:46',
        '2025-08-05 22:39:46'
    ),
    (
        5,
        'Leadership Training Program',
        7,
        6600.00,
        '4 Month',
        2025,
        '6531503017',
        '2025-08-05 22:39:46',
        '2025-08-05 22:39:46'
    ),
    (
        6,
        'Academic Conference Organization',
        8,
        13600.00,
        '8 Month',
        2025,
        '6531503017',
        '2025-08-05 22:39:46',
        '2025-08-05 22:39:46'
    ),
    (
        7,
        'Marketing Research Study',
        9,
        6600.00,
        '5 Month',
        2025,
        '6531503017',
        '2025-08-05 22:39:46',
        '2025-08-05 22:39:46'
    ),
    (
        8,
        'Digital Skills Workshop',
        13,
        6300.00,
        '3 Month',
        2025,
        '6531503069',
        '2025-08-05 22:39:46',
        '2025-08-05 22:39:46'
    ),
    (
        9,
        'Student Mentorship Program',
        14,
        12920.00,
        '10 Month',
        2025,
        '6531503069',
        '2025-08-05 22:39:46',
        '2025-08-05 22:39:46'
    ),
    (
        10,
        'Business Analytics Project',
        15,
        5700.00,
        '4 Month',
        2025,
        '6531503069',
        '2025-08-05 22:39:46',
        '2025-08-05 22:39:46'
    ),
    (
        11,
        'Advanced Excel Training',
        19,
        7800.00,
        '2 Month',
        2025,
        '6531503070',
        '2025-08-05 22:39:46',
        '2025-08-05 22:39:46'
    ),
    (
        12,
        'Quality Assurance Initiative',
        20,
        15980.00,
        '12 Month',
        2025,
        '6531503070',
        '2025-08-05 22:39:46',
        '2025-08-05 22:39:46'
    ),
    (
        13,
        'Supply Chain Research',
        21,
        6300.00,
        '6 Month',
        2025,
        '6531503070',
        '2025-08-05 22:39:46',
        '2025-08-05 22:39:46'
    ),
    (
        14,
        'Teaching Methodology Workshop',
        25,
        5700.00,
        '3 Month',
        2025,
        '6531503074',
        '2025-08-05 22:39:46',
        '2025-08-05 22:39:46'
    ),
    (
        15,
        'Student Activity Coordination',
        26,
        11900.00,
        '9 Month',
        2025,
        '6531503074',
        '2025-08-05 22:39:46',
        '2025-08-05 22:39:46'
    ),
    (
        16,
        'Economics Research Project',
        27,
        5100.00,
        '5 Month',
        2025,
        '6531503074',
        '2025-08-05 22:39:46',
        '2025-08-05 22:39:46'
    ),
    (
        17,
        'Research Methodology Training',
        31,
        6900.00,
        '4 Month',
        2025,
        '6531503137',
        '2025-08-05 22:39:46',
        '2025-08-05 22:39:46'
    ),
    (
        18,
        'Academic Service Committee',
        32,
        14280.00,
        '12 Month',
        2025,
        '6531503137',
        '2025-08-05 22:39:46',
        '2025-08-05 22:39:46'
    ),
    (
        19,
        'Finance Research Study',
        33,
        6150.00,
        '6 Month',
        2025,
        '6531503137',
        '2025-08-05 22:39:46',
        '2025-08-05 22:39:46'
    ),
    (
        20,
        'Professional Development Workshop',
        37,
        6400.00,
        '3 Month',
        2025,
        '6531503172',
        '2025-08-05 22:39:46',
        '2025-08-05 22:39:46'
    ),
    (
        21,
        'Community Service Initiative',
        38,
        14112.00,
        '12 Month',
        2025,
        '6531503172',
        '2025-08-05 22:39:46',
        '2025-08-05 22:39:46'
    ),
    (
        22,
        'SoM Project',
        39,
        5472.00,
        '6 Month',
        2025,
        '6531503172',
        '2025-08-05 22:39:46',
        '2025-08-05 22:39:46'
    ),
    (
        23,
        'Guest Speaker 130S305',
        40,
        1800.00,
        '2 Month',
        2025,
        '6531503172',
        '2025-08-05 22:39:46',
        '2025-08-05 22:39:46'
    ),
    (
        24,
        'Curriculum Development',
        43,
        7500.00,
        '5 Month',
        2025,
        '6531503174',
        '2025-08-05 22:39:46',
        '2025-08-05 22:39:46'
    ),
    (
        25,
        'International Conference',
        44,
        14960.00,
        '8 Month',
        2025,
        '6531503174',
        '2025-08-05 22:39:46',
        '2025-08-05 22:39:46'
    ),
    (
        26,
        'Management Research Project',
        45,
        5850.00,
        '6 Month',
        2025,
        '6531503174',
        '2025-08-05 22:39:46',
        '2025-08-05 22:39:46'
    ),
    (
        27,
        'Innovation Workshop',
        49,
        6480.00,
        '3 Month',
        2025,
        '6531503176',
        '2025-08-05 22:39:46',
        '2025-08-05 22:39:46'
    ),
    (
        28,
        'Academic Excellence Program',
        50,
        13940.00,
        '10 Month',
        2025,
        '6531503176',
        '2025-08-05 22:39:46',
        '2025-08-05 22:39:46'
    ),
    (
        29,
        'Technology Integration Study',
        51,
        5550.00,
        '4 Month',
        2025,
        '6531503176',
        '2025-08-05 22:39:46',
        '2025-08-05 22:39:46'
    ),
    (
        30,
        'Skills Enhancement Program',
        55,
        5880.00,
        '3 Month',
        2025,
        '6631205226',
        '2025-08-05 22:39:46',
        '2025-08-05 22:39:46'
    ),
    (
        31,
        'Community Outreach Initiative',
        56,
        12240.00,
        '9 Month',
        2025,
        '6631205226',
        '2025-08-05 22:39:46',
        '2025-08-05 22:39:46'
    ),
    (
        32,
        'Business Strategy Research',
        57,
        5250.00,
        '5 Month',
        2025,
        '6631205226',
        '2025-08-05 22:39:46',
        '2025-08-05 22:39:46'
    );
/*!40000 ALTER TABLE `budget_projects` ENABLE KEYS */
;
UNLOCK TABLES;

--
-- Table structure for table `evaluation_periods`
--

DROP TABLE IF EXISTS `evaluation_periods`;
/*!40101 SET @saved_cs_client     = @@character_set_client */
;
/*!50503 SET character_set_client = utf8mb4 */
;
CREATE TABLE `evaluation_periods` (
    `evaluateid` int NOT NULL,
    `evaluatename` varchar(50) NOT NULL,
    `evaluatestartdate` date NOT NULL,
    `evaluateenddate` date NOT NULL,
    `is_active` tinyint(1) DEFAULT '0',
    `created_at` timestamp NULL DEFAULT CURRENT_TIMESTAMP,
    PRIMARY KEY (`evaluateid`)
) ENGINE = InnoDB DEFAULT CHARSET = utf8mb4 COLLATE = utf8mb4_0900_ai_ci;
/*!40101 SET character_set_client = @saved_cs_client */
;

--
-- Dumping data for table `evaluation_periods`
--

LOCK TABLES `evaluation_periods` WRITE;
/*!40000 ALTER TABLE `evaluation_periods` DISABLE KEYS */
;
INSERT INTO
    `evaluation_periods`
VALUES (
        1,
        '1/2021',
        '2021-01-01',
        '2021-06-30',
        0,
        '2025-08-18 14:56:14'
    ),
    (
        2,
        '2/2021',
        '2021-07-01',
        '2021-12-31',
        0,
        '2025-08-18 14:56:14'
    ),
    (
        3,
        '1/2022',
        '2022-01-01',
        '2022-06-30',
        0,
        '2025-08-18 14:56:14'
    ),
    (
        4,
        '2/2022',
        '2022-07-01',
        '2022-12-31',
        0,
        '2025-08-18 14:56:14'
    ),
    (
        5,
        '1/2023',
        '2023-01-01',
        '2023-06-30',
        0,
        '2025-08-18 14:56:14'
    ),
    (
        6,
        '2/2023',
        '2023-07-01',
        '2023-12-31',
        0,
        '2025-08-18 14:56:14'
    ),
    (
        7,
        '1/2024',
        '2024-01-01',
        '2024-06-30',
        0,
        '2025-08-18 14:56:14'
    ),
    (
        8,
        '2/2024',
        '2024-07-01',
        '2024-12-31',
        0,
        '2025-08-18 14:56:14'
    ),
    (
        9,
        '1/2025',
        '2025-01-01',
        '2025-06-30',
        1,
        '2025-08-18 14:56:14'
    );
/*!40000 ALTER TABLE `evaluation_periods` ENABLE KEYS */
;
UNLOCK TABLES;

--
-- Table structure for table `graduate`
--

DROP TABLE IF EXISTS `graduate`;
/*!40101 SET @saved_cs_client     = @@character_set_client */
;
/*!50503 SET character_set_client = utf8mb4 */
;
CREATE TABLE `graduate` (
    `semester` int DEFAULT NULL,
    `academic_year` int DEFAULT NULL,
    `staff_code` varchar(20) DEFAULT NULL,
    `course_code` varchar(20) DEFAULT NULL,
    `course_name` varchar(255) DEFAULT NULL,
    `section` int DEFAULT NULL,
    `total_student` int DEFAULT NULL
) ENGINE = InnoDB DEFAULT CHARSET = utf8mb4 COLLATE = utf8mb4_0900_ai_ci;
/*!40101 SET character_set_client = @saved_cs_client */
;

--
-- Dumping data for table `graduate`
--

LOCK TABLES `graduate` WRITE;
/*!40000 ALTER TABLE `graduate` DISABLE KEYS */
;
INSERT INTO
    `graduate`
VALUES (
        1,
        2567,
        '46212058',
        '1203702',
        'Business Research',
        1,
        24
    );
/*!40000 ALTER TABLE `graduate` ENABLE KEYS */
;
UNLOCK TABLES;

--
-- Table structure for table `graduate_rawscore`
--

DROP TABLE IF EXISTS `graduate_rawscore`;
/*!40101 SET @saved_cs_client     = @@character_set_client */
;
/*!50503 SET character_set_client = utf8mb4 */
;
CREATE TABLE `graduate_rawscore` (
    `semester` int DEFAULT NULL,
    `academic_year` int DEFAULT NULL,
    `staff_code` varchar(20) DEFAULT NULL,
    `score_lecture` decimal(5, 2) DEFAULT NULL,
    `score_lab` decimal(5, 2) DEFAULT NULL
) ENGINE = InnoDB DEFAULT CHARSET = utf8mb4 COLLATE = utf8mb4_0900_ai_ci;
/*!40101 SET character_set_client = @saved_cs_client */
;

--
-- Dumping data for table `graduate_rawscore`
--

LOCK TABLES `graduate_rawscore` WRITE;
/*!40000 ALTER TABLE `graduate_rawscore` DISABLE KEYS */
;
INSERT INTO
    `graduate_rawscore`
VALUES (
        1,
        2567,
        '46212058',
        38.00,
        0.00
    );
/*!40000 ALTER TABLE `graduate_rawscore` ENABLE KEYS */
;
UNLOCK TABLES;

--
-- Table structure for table `lecturer_education`
--

DROP TABLE IF EXISTS `lecturer_education`;
/*!40101 SET @saved_cs_client     = @@character_set_client */
;
/*!50503 SET character_set_client = utf8mb4 */
;
CREATE TABLE `lecturer_education` (
    `id` int NOT NULL AUTO_INCREMENT,
    `staff_code` varchar(20) DEFAULT NULL,
    `degree` varchar(100) DEFAULT NULL,
    `institution` varchar(100) DEFAULT NULL,
    `year` int DEFAULT NULL,
    PRIMARY KEY (`id`),
    KEY `staff_code` (`staff_code`),
    CONSTRAINT `lecturer_education_ibfk_1` FOREIGN KEY (`staff_code`) REFERENCES `lecturer_profiles` (`staff_code`)
) ENGINE = InnoDB AUTO_INCREMENT = 31 DEFAULT CHARSET = utf8mb4 COLLATE = utf8mb4_0900_ai_ci;
/*!40101 SET character_set_client = @saved_cs_client */
;

--
-- Dumping data for table `lecturer_education`
--

LOCK TABLES `lecturer_education` WRITE;
/*!40000 ALTER TABLE `lecturer_education` DISABLE KEYS */
;
INSERT INTO
    `lecturer_education`
VALUES (
        1,
        '6431703502',
        'Ph.D. in Accounting',
        'Chulalongkorn University',
        2018
    ),
    (
        2,
        '6431703502',
        'M.B.A.',
        'Thammasat University',
        2014
    ),
    (
        3,
        '6431703502',
        'B.B.A. in Accounting',
        'Kasetsart University',
        2012
    ),
    (
        4,
        '6531503017',
        'Ph.D. in Business Administration',
        'Mae Fah Luang University',
        2020
    ),
    (
        5,
        '6531503017',
        'M.B.A.',
        'Chiang Mai University',
        2016
    ),
    (
        6,
        '6531503017',
        'B.B.A.',
        'Khon Kaen University',
        2014
    ),
    (
        7,
        '6531503069',
        'Ph.D. in Economics',
        'Mahidol University',
        2019
    ),
    (
        8,
        '6531503069',
        'M.A. in Economics',
        'Chulalongkorn University',
        2015
    ),
    (
        9,
        '6531503069',
        'B.A. in Economics',
        'Thammasat University',
        2013
    ),
    (
        10,
        '6531503070',
        'Ph.D. in Tourism Management',
        'Prince of Songkla University',
        2021
    ),
    (
        11,
        '6531503070',
        'M.B.A. in Tourism',
        'Chiang Mai University',
        2017
    ),
    (
        12,
        '6531503070',
        'B.B.A. in Tourism',
        'Srinakharinwirot University',
        2015
    ),
    (
        13,
        '6531503074',
        'Ph.D. in Aviation Management',
        'Embry-Riddle Aeronautical University',
        2020
    ),
    (
        14,
        '6531503074',
        'M.S. in Aviation',
        'Kasetsart University',
        2016
    ),
    (
        15,
        '6531503074',
        'B.S. in Aviation Technology',
        'King Mongkut University',
        2014
    ),
    (
        16,
        '6531503137',
        'Ph.D. in Hospitality Management',
        'Cornell University',
        2019
    ),
    (
        17,
        '6531503137',
        'M.S. in Hotel Administration',
        'Mae Fah Luang University',
        2015
    ),
    (
        18,
        '6531503137',
        'B.B.A. in Hotel Management',
        'Assumption University',
        2013
    ),
    (
        19,
        '6531503172',
        'Ph.D. in Management',
        'Mae Fah Luang University',
        2020
    ),
    (
        20,
        '6531503172',
        'M.B.A.',
        'Chulalongkorn University',
        2015
    ),
    (
        21,
        '6531503172',
        'B.B.A.',
        'Chiang Mai University',
        2012
    ),
    (
        22,
        '6531503174',
        'Ph.D. in Business Administration',
        'Thammasat University',
        2018
    ),
    (
        23,
        '6531503174',
        'M.B.A.',
        'Mahidol University',
        2014
    ),
    (
        24,
        '6531503174',
        'B.B.A.',
        'Bangkok University',
        2012
    ),
    (
        25,
        '6531503176',
        'Ph.D. in Economics',
        'Chiang Mai University',
        2021
    ),
    (
        26,
        '6531503176',
        'M.A. in Economics',
        'Kasetsart University',
        2017
    ),
    (
        27,
        '6531503176',
        'B.A. in Economics',
        'Chulalongkorn University',
        2015
    ),
    (
        28,
        '6631205226',
        'Ph.D. in Tourism and Hospitality',
        'Mahidol University',
        2020
    ),
    (
        29,
        '6631205226',
        'M.B.A. in Tourism',
        'Prince of Songkla University',
        2016
    ),
    (
        30,
        '6631205226',
        'B.B.A. in Tourism',
        'Suan Dusit University',
        2014
    );
/*!40000 ALTER TABLE `lecturer_education` ENABLE KEYS */
;
UNLOCK TABLES;

--
-- Table structure for table `lecturer_profiles`
--

DROP TABLE IF EXISTS `lecturer_profiles`;
/*!40101 SET @saved_cs_client     = @@character_set_client */
;
/*!50503 SET character_set_client = utf8mb4 */
;
CREATE TABLE `lecturer_profiles` (
    `staff_code` varchar(20) NOT NULL,
    `staff_name` varchar(100) DEFAULT NULL,
    `phone` varchar(20) DEFAULT NULL,
    `location` varchar(100) DEFAULT NULL,
    `program` varchar(100) DEFAULT NULL,
    `position` varchar(50) DEFAULT NULL,
    PRIMARY KEY (`staff_code`)
) ENGINE = InnoDB DEFAULT CHARSET = utf8mb4 COLLATE = utf8mb4_0900_ai_ci;
/*!40101 SET character_set_client = @saved_cs_client */
;

--
-- Dumping data for table `lecturer_profiles`
--

LOCK TABLES `lecturer_profiles` WRITE;
/*!40000 ALTER TABLE `lecturer_profiles` DISABLE KEYS */
;
INSERT INTO
    `lecturer_profiles`
VALUES (
        '6431703502',
        'User 6431703502',
        '081-234-5678',
        'Chiang Rai, Thailand',
        'Accounting Program',
        'Associate Professor'
    ),
    (
        '6531503017',
        'User 6531503017',
        '081-345-6789',
        'Chiang Rai, Thailand',
        'Business Administration',
        'Assistant Professor'
    ),
    (
        '6531503069',
        'User 6531503069',
        '081-456-7890',
        'Chiang Rai, Thailand',
        'Economics Program',
        'Associate Professor'
    ),
    (
        '6531503070',
        'User 6531503070',
        '081-567-8901',
        'Chiang Rai, Thailand',
        'Tourism Management',
        'Assistant Professor'
    ),
    (
        '6531503074',
        'User 6531503074',
        '081-678-9012',
        'Chiang Rai, Thailand',
        'Aviation Management',
        'Associate Professor'
    ),
    (
        '6531503137',
        'User 6531503137',
        '081-789-0123',
        'Chiang Rai, Thailand',
        'Hospitality Management',
        'Assistant Professor'
    ),
    (
        '6531503172',
        'User 6531503172',
        '081-890-1234',
        'Chiang Rai, Thailand',
        'Accounting Program',
        'Assistant Professor'
    ),
    (
        '6531503174',
        'User 6531503174',
        '081-901-2345',
        'Chiang Rai, Thailand',
        'Business Administration',
        'Associate Professor'
    ),
    (
        '6531503176',
        'User 6531503176',
        '081-012-3456',
        'Chiang Rai, Thailand',
        'Economics Program',
        'Assistant Professor'
    ),
    (
        '6631205226',
        'User 6631205226',
        '081-123-4567',
        'Chiang Rai, Thailand',
        'Tourism Management',
        'Associate Professor'
    );
/*!40000 ALTER TABLE `lecturer_profiles` ENABLE KEYS */
;
UNLOCK TABLES;

--
-- Table structure for table `lecturer_publications`
--

DROP TABLE IF EXISTS `lecturer_publications`;
/*!40101 SET @saved_cs_client     = @@character_set_client */
;
/*!50503 SET character_set_client = utf8mb4 */
;
CREATE TABLE `lecturer_publications` (
    `id` int NOT NULL AUTO_INCREMENT,
    `staff_code` varchar(20) DEFAULT NULL,
    `title` text,
    `venue` varchar(200) DEFAULT NULL,
    `year` int DEFAULT NULL,
    `link` varchar(500) DEFAULT NULL,
    PRIMARY KEY (`id`),
    KEY `staff_code` (`staff_code`),
    CONSTRAINT `lecturer_publications_ibfk_1` FOREIGN KEY (`staff_code`) REFERENCES `lecturer_profiles` (`staff_code`)
) ENGINE = InnoDB AUTO_INCREMENT = 23 DEFAULT CHARSET = utf8mb4 COLLATE = utf8mb4_0900_ai_ci;
/*!40101 SET character_set_client = @saved_cs_client */
;

--
-- Dumping data for table `lecturer_publications`
--

LOCK TABLES `lecturer_publications` WRITE;
/*!40000 ALTER TABLE `lecturer_publications` DISABLE KEYS */
;
INSERT INTO
    `lecturer_publications`
VALUES (
        1,
        '6431703502',
        'Corporate Governance and Financial Performance in Thai Listed Companies',
        'Journal of Asian Finance',
        2024,
        'https://example.com/paper1'
    ),
    (
        2,
        '6431703502',
        'The Impact of IFRS Adoption on Earnings Quality',
        'International Accounting Review',
        2023,
        'https://example.com/paper2'
    ),
    (
        3,
        '6431703502',
        'Audit Quality and Corporate Transparency',
        'Auditing Research Journal',
        2023,
        'https://example.com/paper3'
    ),
    (
        4,
        '6531503017',
        'Strategic Leadership in Digital Transformation',
        'Management Science Quarterly',
        2024,
        'https://example.com/paper4'
    ),
    (
        5,
        '6531503017',
        'Organizational Culture and Innovation Performance',
        'Business Strategy Review',
        2023,
        'https://example.com/paper5'
    ),
    (
        6,
        '6531503069',
        'ASEAN Economic Integration and Trade Patterns',
        'Asian Economic Journal',
        2024,
        'https://example.com/paper6'
    ),
    (
        7,
        '6531503069',
        'Monetary Policy Effectiveness in Emerging Markets',
        'Economics Letters',
        2023,
        'https://example.com/paper7'
    ),
    (
        8,
        '6531503070',
        'Community-Based Tourism Development in Northern Thailand',
        'Tourism Management',
        2024,
        'https://example.com/paper8'
    ),
    (
        9,
        '6531503070',
        'Sustainable Tourism Practices and Local Communities',
        'Journal of Sustainable Tourism',
        2023,
        'https://example.com/paper9'
    ),
    (
        10,
        '6531503074',
        'Aviation Safety Management Systems Implementation',
        'Aviation Safety Journal',
        2024,
        'https://example.com/paper10'
    ),
    (
        11,
        '6531503074',
        'Airport Capacity Management in Southeast Asia',
        'Transportation Research',
        2023,
        'https://example.com/paper11'
    ),
    (
        12,
        '6531503137',
        'Revenue Management Strategies in Boutique Hotels',
        'International Journal of Hospitality Management',
        2024,
        'https://example.com/paper12'
    ),
    (
        13,
        '6531503137',
        'Technology Adoption in Hotel Operations',
        'Cornell Hospitality Quarterly',
        2023,
        'https://example.com/paper13'
    ),
    (
        14,
        '6531503172',
        'A Novel Approach to Sentiment Analysis',
        'Journal of Data Science',
        2024,
        'https://example.com/paper14'
    ),
    (
        15,
        '6531503172',
        'Machine Learning in Education',
        'International Conference on AI',
        2023,
        'https://example.com/paper15'
    ),
    (
        16,
        '6531503172',
        'Optimizing Research Collaboration',
        'Research Management Review',
        2023,
        'https://example.com/paper16'
    ),
    (
        17,
        '6531503174',
        'Digital Marketing Effectiveness in E-commerce',
        'Journal of Digital Marketing',
        2024,
        'https://example.com/paper17'
    ),
    (
        18,
        '6531503174',
        'Consumer Behavior in Online Shopping',
        'Marketing Research Journal',
        2023,
        'https://example.com/paper18'
    ),
    (
        19,
        '6531503176',
        'Financial Market Integration in ASEAN',
        'Finance Research Letters',
        2024,
        'https://example.com/paper19'
    ),
    (
        20,
        '6531503176',
        'Banking Efficiency and Economic Growth',
        'Journal of Banking and Finance',
        2023,
        'https://example.com/paper20'
    ),
    (
        21,
        '6631205226',
        'Cultural Heritage Tourism and Local Development',
        'Cultural Tourism Research',
        2024,
        'https://example.com/paper21'
    ),
    (
        22,
        '6631205226',
        'Tourism Impact on Rural Communities',
        'Rural Tourism Journal',
        2023,
        'https://example.com/paper22'
    );
/*!40000 ALTER TABLE `lecturer_publications` ENABLE KEYS */
;
UNLOCK TABLES;

--
-- Table structure for table `lecturer_research_areas`
--

DROP TABLE IF EXISTS `lecturer_research_areas`;
/*!40101 SET @saved_cs_client     = @@character_set_client */
;
/*!50503 SET character_set_client = utf8mb4 */
;
CREATE TABLE `lecturer_research_areas` (
    `id` int NOT NULL AUTO_INCREMENT,
    `staff_code` varchar(20) DEFAULT NULL,
    `research_area` text,
    PRIMARY KEY (`id`),
    KEY `staff_code` (`staff_code`),
    CONSTRAINT `lecturer_research_areas_ibfk_1` FOREIGN KEY (`staff_code`) REFERENCES `lecturer_profiles` (`staff_code`)
) ENGINE = InnoDB AUTO_INCREMENT = 32 DEFAULT CHARSET = utf8mb4 COLLATE = utf8mb4_0900_ai_ci;
/*!40101 SET character_set_client = @saved_cs_client */
;

--
-- Dumping data for table `lecturer_research_areas`
--

LOCK TABLES `lecturer_research_areas` WRITE;
/*!40000 ALTER TABLE `lecturer_research_areas` DISABLE KEYS */
;
INSERT INTO
    `lecturer_research_areas`
VALUES (
        1,
        '6431703502',
        'Financial Accounting and Reporting'
    ),
    (
        2,
        '6431703502',
        'Corporate Governance'
    ),
    (
        3,
        '6431703502',
        'Auditing and Assurance'
    ),
    (
        4,
        '6531503017',
        'Strategic Management'
    ),
    (
        5,
        '6531503017',
        'Organizational Behavior'
    ),
    (
        6,
        '6531503017',
        'Leadership Development'
    ),
    (
        7,
        '6531503069',
        'Macroeconomic Policy'
    ),
    (
        8,
        '6531503069',
        'International Trade'
    ),
    (
        9,
        '6531503069',
        'Development Economics'
    ),
    (
        10,
        '6531503070',
        'Sustainable Tourism'
    ),
    (
        11,
        '6531503070',
        'Community-Based Tourism'
    ),
    (
        12,
        '6531503070',
        'Tourism Marketing'
    ),
    (
        13,
        '6531503074',
        'Aviation Safety Management'
    ),
    (
        14,
        '6531503074',
        'Airport Operations'
    ),
    (
        15,
        '6531503074',
        'Airline Management'
    ),
    (
        16,
        '6531503137',
        'Hotel Revenue Management'
    ),
    (
        17,
        '6531503137',
        'Service Quality Management'
    ),
    (
        18,
        '6531503137',
        'Hospitality Technology'
    ),
    (
        19,
        '6531503172',
        'Business Intelligence and Data Analytics'
    ),
    (
        20,
        '6531503172',
        'Machine Learning Applications in Management'
    ),
    (
        21,
        '6531503172',
        'Higher Education Administration'
    ),
    (
        22,
        '6531503172',
        'Research Collaboration Networks'
    ),
    (
        23,
        '6531503174',
        'Digital Marketing'
    ),
    (
        24,
        '6531503174',
        'E-commerce Strategy'
    ),
    (
        25,
        '6531503174',
        'Consumer Behavior'
    ),
    (
        26,
        '6531503176',
        'Financial Economics'
    ),
    (
        27,
        '6531503176',
        'Monetary Policy'
    ),
    (
        28,
        '6531503176',
        'Banking and Finance'
    ),
    (
        29,
        '6631205226',
        'Cultural Tourism'
    ),
    (
        30,
        '6631205226',
        'Tourism Impact Assessment'
    ),
    (
        31,
        '6631205226',
        'Destination Management'
    );
/*!40000 ALTER TABLE `lecturer_research_areas` ENABLE KEYS */
;
UNLOCK TABLES;

--
-- Table structure for table `percentage`
--

DROP TABLE IF EXISTS `percentage`;
/*!40101 SET @saved_cs_client     = @@character_set_client */
;
/*!50503 SET character_set_client = utf8mb4 */
;
CREATE TABLE `percentage` (
    `staff_code` varchar(10) NOT NULL,
    `staff_name` varchar(255) NOT NULL,
    `domain1_weight` float NOT NULL,
    `domain2_weight` float NOT NULL,
    `domain3_weight` float NOT NULL,
    `domain4_weight` float NOT NULL,
    `domain5_weight` float NOT NULL,
    PRIMARY KEY (`staff_code`)
) ENGINE = InnoDB DEFAULT CHARSET = utf8mb4 COLLATE = utf8mb4_0900_ai_ci;
/*!40101 SET character_set_client = @saved_cs_client */
;

--
-- Dumping data for table `percentage`
--

LOCK TABLES `percentage` WRITE;
/*!40000 ALTER TABLE `percentage` DISABLE KEYS */
;
INSERT INTO
    `percentage`
VALUES (
        '45210012',
        'Assistant Professor Dr. Apisom Intralawan',
        35,
        40,
        10,
        5,
        10
    ),
    (
        '46212058',
        'Ajarn Dr. Chachaya Yodsuwan',
        35,
        40,
        10,
        5,
        10
    ),
    (
        '46212130',
        'Ajarn Supannika Khuanmuang',
        60,
        15,
        10,
        5,
        10
    ),
    (
        '48212025',
        'Ajarn Rapipong Promnart',
        60,
        15,
        10,
        5,
        10
    ),
    (
        '49210074',
        'Ajarn Sudsiri Rungruang',
        60,
        15,
        10,
        5,
        10
    ),
    (
        '49212075',
        'Ajarn Dr. Piyatida Pianluprasidh',
        60,
        15,
        10,
        5,
        10
    ),
    (
        '52212018',
        'Assistant Professor Dr. Chatrudee Jongsureyapart',
        35,
        15,
        10,
        30,
        10
    ),
    (
        '53212053',
        'Ajarn Ekawee Vinitkhatkumnuen',
        60,
        15,
        10,
        5,
        10
    ),
    (
        '54212008',
        'Ajarn Dr. Pornpimol Chaisanit',
        35,
        15,
        35,
        5,
        10
    ),
    (
        '54212096',
        'Ajarn Dr. Pornwasin Sirisawat',
        35,
        15,
        10,
        30,
        10
    ),
    (
        '55212008',
        'Assistant Professor Dr. Narat Hasachoo',
        35,
        15,
        10,
        30,
        10
    ),
    (
        '56212015',
        'Ajarn Dr. Pratsanee Na Keeree',
        35,
        15,
        35,
        5,
        10
    ),
    (
        '56212026',
        'Assistant Professor Dr. Tipavinee Suwanwong Rodbundith',
        35,
        15,
        10,
        30,
        10
    ),
    (
        '56212063',
        'Assistant Professor Dr. Tarittawan Chareanporn',
        35,
        40,
        10,
        5,
        10
    ),
    (
        '56212106',
        'Ajarn Dr. Parinyakorn Paengsri',
        35,
        15,
        10,
        30,
        10
    ),
    (
        '56212113',
        'Assistant Professor Dr. Nattapan Kongbuamai',
        35,
        15,
        10,
        30,
        10
    ),
    (
        '57212016',
        'Assistant Professor Krit Sittivangkul',
        35,
        40,
        10,
        5,
        10
    ),
    (
        '57212087',
        'Assistant Professor Dr. Athitaya Pathan',
        35,
        15,
        35,
        5,
        10
    ),
    (
        '57212116',
        'Ajarn Anvar Variskhanov',
        60,
        15,
        10,
        5,
        10
    ),
    (
        '57212154',
        'Ajarn Dr. Korawit Fakkhong',
        35,
        15,
        10,
        30,
        10
    ),
    (
        '58212017',
        'Ajarn Dr. Samatthachai Yamsa-ard',
        35,
        40,
        10,
        5,
        10
    ),
    (
        '58212129',
        'Ajarn Dr. Warawut Ruankham',
        35,
        40,
        10,
        5,
        10
    ),
    (
        '58212221',
        'Ajarn Thunwa Kaewket',
        35,
        40,
        10,
        5,
        10
    ),
    (
        '59212025',
        'Ajarn Paponpat taveeapiradeecharoen',
        35,
        15,
        10,
        30,
        10
    ),
    (
        '60212071',
        'Assistant Professor Piyanart Junkrachang',
        35,
        15,
        35,
        5,
        10
    ),
    (
        '60212205',
        'Ajarn Dulyaluk Butkhunthong',
        60,
        15,
        10,
        5,
        10
    ),
    (
        '61212038',
        'Ajarn Chun Jiang',
        60,
        15,
        10,
        5,
        10
    ),
    (
        '61212115',
        'Assistant Professor Dr. Popkarn Arwatchanakarn',
        35,
        15,
        10,
        30,
        10
    ),
    (
        '61212204',
        'Assistant Professor Muhammad Syukur',
        60,
        15,
        10,
        5,
        10
    ),
    (
        '62212055',
        'Ajarn Dr. Justin Kraemer',
        60,
        15,
        10,
        5,
        10
    ),
    (
        '62212117',
        'Assistant Professor Teeris Thepchalerm',
        35,
        40,
        10,
        5,
        10
    ),
    (
        '63212199',
        'Assistant Professor Dr. Tosporn Arreeras',
        35,
        40,
        10,
        5,
        10
    ),
    (
        '64212045',
        'Ajarn Wachira Ponboon',
        60,
        15,
        10,
        5,
        10
    ),
    (
        '64212188',
        'Ajarn Dr. Sunida Tiwong',
        60,
        15,
        10,
        5,
        10
    ),
    (
        '64212268',
        'Assistant Professor Dr. Panita Rachapaettayakom',
        35,
        15,
        35,
        5,
        10
    ),
    (
        '64212282',
        'Ajarn Donlapon Suwanthep',
        60,
        15,
        10,
        5,
        10
    ),
    (
        '6431703502',
        'SHWE YI OO ',
        60,
        20,
        10,
        4,
        5
    ),
    (
        '65212073',
        'Ajarn Dzakiyy Hadiyan Achyar',
        60,
        15,
        10,
        5,
        10
    ),
    (
        '65212150',
        'Ajarn Dr. Lahcene Makhloufi',
        35,
        15,
        35,
        5,
        10
    ),
    (
        '65212167',
        'Ajarn Dr. Supansa Chaising',
        35,
        40,
        10,
        5,
        10
    ),
    (
        '65212205',
        'Acting Sub Lt. Ajarn Dr. Patipat Tunming',
        35,
        40,
        10,
        5,
        10
    ),
    (
        '65212219',
        'Ajarn Dr. Siripen Yiamjanya',
        35,
        40,
        10,
        5,
        10
    ),
    (
        '65212262',
        'Ajarn Dr. Matej Balen',
        35,
        15,
        10,
        30,
        10
    ),
    (
        '6531503017',
        'CHURANIPUK SABAIJAI',
        50,
        30,
        20,
        10,
        5
    ),
    (
        '6531503069',
        'RAWISARA AIAMOON',
        60,
        20,
        10,
        15,
        4
    ),
    (
        '6531503070',
        'RATCANON SUWATSIRIPHOL',
        60,
        20,
        10,
        14,
        5
    ),
    (
        '6531503074',
        'VILASEENLAPA LIMTHANADEATCHANUN',
        60,
        10,
        15,
        10,
        4
    ),
    (
        '6531503137',
        'Chit Min Thu',
        50,
        15,
        20,
        5,
        4
    ),
    (
        '6531503172',
        'Phyo Min Thein',
        60,
        15,
        10,
        5,
        3.75
    ),
    (
        '6531503174',
        'Phyo Thiha',
        60,
        20,
        30,
        6,
        5
    ),
    (
        '6531503176',
        'Sai Myat Min Han',
        45,
        13,
        10,
        4,
        8
    ),
    (
        '66212042',
        'Ajarn Kasidit Saraphon',
        35,
        15,
        10,
        30,
        10
    ),
    (
        '66212127',
        'Ajarn Dr. Kasidech Treethong',
        60,
        15,
        10,
        5,
        10
    ),
    (
        '66212133',
        'Ajarn Dr. Natacha Maswichian',
        60,
        15,
        10,
        5,
        10
    ),
    (
        '6631205226',
        'Youn Shwe Yie Moe',
        60,
        15,
        5,
        5,
        10
    ),
    (
        '67212021',
        'Ajarn Wayoon Akesakulpaibool',
        60,
        15,
        10,
        5,
        10
    ),
    (
        '67212030',
        'Ajarn Dr. Mihlayifani Nicholas Nyoni',
        60,
        15,
        10,
        5,
        10
    ),
    (
        '67212038',
        'Ajarn Ubolkarn Petchluan',
        35,
        15,
        10,
        5,
        10
    ),
    (
        '67212095',
        'Ajarn Dr. Piranun Juntapoon',
        60,
        15,
        10,
        5,
        10
    );
/*!40000 ALTER TABLE `percentage` ENABLE KEYS */
;
UNLOCK TABLES;

--
-- Table structure for table `project_owners`
--

DROP TABLE IF EXISTS `project_owners`;
/*!40101 SET @saved_cs_client     = @@character_set_client */
;
/*!50503 SET character_set_client = utf8mb4 */
;
CREATE TABLE `project_owners` (
    `id` int NOT NULL AUTO_INCREMENT,
    `project_id` int NOT NULL,
    `owner_name` varchar(100) NOT NULL,
    `is_primary` tinyint(1) DEFAULT '0',
    `created_at` timestamp NULL DEFAULT CURRENT_TIMESTAMP,
    PRIMARY KEY (`id`),
    KEY `project_id` (`project_id`),
    CONSTRAINT `project_owners_ibfk_1` FOREIGN KEY (`project_id`) REFERENCES `budget_projects` (`id`) ON DELETE CASCADE
) ENGINE = InnoDB AUTO_INCREMENT = 36 DEFAULT CHARSET = utf8mb4 COLLATE = utf8mb4_0900_ai_ci;
/*!40101 SET character_set_client = @saved_cs_client */
;

--
-- Dumping data for table `project_owners`
--

LOCK TABLES `project_owners` WRITE;
/*!40000 ALTER TABLE `project_owners` DISABLE KEYS */
;
INSERT INTO
    `project_owners`
VALUES (
        1,
        1,
        'Dr. Apinya Wongkham',
        1,
        '2025-08-05 22:39:46'
    ),
    (
        2,
        2,
        'Dr. Apinya Wongkham',
        1,
        '2025-08-05 22:39:46'
    ),
    (
        3,
        3,
        'Dr. Apinya Wongkham',
        1,
        '2025-08-05 22:39:46'
    ),
    (
        4,
        4,
        'Dr. Apinya Wongkham',
        1,
        '2025-08-05 22:39:46'
    ),
    (
        5,
        5,
        'Dr. Siriporn Thanakit',
        1,
        '2025-08-05 22:39:46'
    ),
    (
        6,
        6,
        'Dr. Siriporn Thanakit',
        1,
        '2025-08-05 22:39:46'
    ),
    (
        7,
        7,
        'Dr. Siriporn Thanakit',
        1,
        '2025-08-05 22:39:46'
    ),
    (
        8,
        8,
        'Dr. Rattana Choosri',
        1,
        '2025-08-05 22:39:46'
    ),
    (
        9,
        9,
        'Dr. Rattana Choosri',
        1,
        '2025-08-05 22:39:46'
    ),
    (
        10,
        10,
        'Dr. Rattana Choosri',
        1,
        '2025-08-05 22:39:46'
    ),
    (
        11,
        11,
        'Dr. Suwanna Phakdee',
        1,
        '2025-08-05 22:39:46'
    ),
    (
        12,
        12,
        'Dr. Suwanna Phakdee',
        1,
        '2025-08-05 22:39:46'
    ),
    (
        13,
        13,
        'Dr. Suwanna Phakdee',
        1,
        '2025-08-05 22:39:46'
    ),
    (
        14,
        14,
        'Dr. Niran Jaikla',
        1,
        '2025-08-05 22:39:46'
    ),
    (
        15,
        15,
        'Dr. Niran Jaikla',
        1,
        '2025-08-05 22:39:46'
    ),
    (
        16,
        16,
        'Dr. Niran Jaikla',
        1,
        '2025-08-05 22:39:46'
    ),
    (
        17,
        17,
        'Dr. Kamon Bualert',
        1,
        '2025-08-05 22:39:46'
    ),
    (
        18,
        18,
        'Dr. Kamon Bualert',
        1,
        '2025-08-05 22:39:46'
    ),
    (
        19,
        19,
        'Dr. Kamon Bualert',
        1,
        '2025-08-05 22:39:46'
    ),
    (
        20,
        20,
        'Dr. Phyo Min Thein',
        1,
        '2025-08-05 22:39:46'
    ),
    (
        21,
        21,
        'Dr. Phyo Min Thein',
        0,
        '2025-08-05 22:39:46'
    ),
    (
        22,
        22,
        'Dr.Sai Myat Min Han',
        1,
        '2025-08-05 22:39:46'
    ),
    (
        23,
        23,
        'Dr. Phyo Min Thein',
        1,
        '2025-08-05 22:39:46'
    ),
    (
        24,
        24,
        'Dr. Supansa Chaising',
        1,
        '2025-08-05 22:39:46'
    ),
    (
        25,
        25,
        'Dr. Supansa Chaising',
        1,
        '2025-08-05 22:39:46'
    ),
    (
        26,
        26,
        'Dr. Supansa Chaising',
        1,
        '2025-08-05 22:39:46'
    ),
    (
        27,
        27,
        'Dr.Sai Myat Min Han',
        1,
        '2025-08-05 22:39:46'
    ),
    (
        28,
        28,
        'Dr. Clay',
        1,
        '2025-08-05 22:39:46'
    ),
    (
        29,
        29,
        'Dr. Gway To',
        1,
        '2025-08-05 22:39:46'
    ),
    (
        30,
        30,
        'Dr. Wipob Suttinun',
        1,
        '2025-08-05 22:39:46'
    ),
    (
        31,
        31,
        'Dr. Wipob Suttinun',
        1,
        '2025-08-05 22:39:46'
    ),
    (
        32,
        32,
        'Dr. Wipob Suttinun',
        1,
        '2025-08-05 22:39:46'
    ),
    (
        33,
        21,
        'Dr. Supansa Chaising',
        1,
        '2025-08-05 22:58:10'
    ),
    (
        34,
        21,
        'Dr. Korawit Fakkhong',
        0,
        '2025-08-05 22:58:10'
    ),
    (
        35,
        21,
        'Dr. Kamon Bualert',
        0,
        '2025-08-05 22:58:10'
    );
/*!40000 ALTER TABLE `project_owners` ENABLE KEYS */
;
UNLOCK TABLES;

--
-- Table structure for table `research_performance`
--

DROP TABLE IF EXISTS `research_performance`;
/*!40101 SET @saved_cs_client     = @@character_set_client */
;
/*!50503 SET character_set_client = utf8mb4 */
;
CREATE TABLE `research_performance` (
    `id` int NOT NULL AUTO_INCREMENT,
    `staff_code` varchar(20) NOT NULL,
    `evaluateid` int NOT NULL,
    `category` varchar(100) NOT NULL,
    `level4_score` decimal(10, 2) DEFAULT '0.00',
    `level6_score` decimal(10, 2) DEFAULT '0.00',
    `level7_score` decimal(10, 2) DEFAULT '0.00',
    `display_order` int NOT NULL,
    `created_at` timestamp NULL DEFAULT CURRENT_TIMESTAMP,
    `updated_at` timestamp NULL DEFAULT CURRENT_TIMESTAMP ON UPDATE CURRENT_TIMESTAMP,
    PRIMARY KEY (`id`),
    KEY `evaluateid` (`evaluateid`),
    KEY `idx_staff_evaluate` (`staff_code`, `evaluateid`),
    KEY `idx_display_order` (`display_order`),
    CONSTRAINT `research_performance_ibfk_1` FOREIGN KEY (`evaluateid`) REFERENCES `evaluation_periods` (`evaluateid`)
) ENGINE = InnoDB AUTO_INCREMENT = 211 DEFAULT CHARSET = utf8mb4 COLLATE = utf8mb4_0900_ai_ci;
/*!40101 SET character_set_client = @saved_cs_client */
;

--
-- Dumping data for table `research_performance`
--

LOCK TABLES `research_performance` WRITE;
/*!40000 ALTER TABLE `research_performance` DISABLE KEYS */
;
INSERT INTO
    `research_performance`
VALUES (
        1,
        '6531503172',
        9,
        'Other Academic Work assigned by the School',
        10.00,
        0.00,
        0.00,
        1,
        '2025-08-18 15:56:56',
        '2025-08-18 15:56:56'
    ),
    (
        2,
        '6531503172',
        9,
        'Other Academic Work',
        0.00,
        0.00,
        0.00,
        2,
        '2025-08-18 15:56:56',
        '2025-08-18 15:56:56'
    ),
    (
        3,
        '6531503172',
        9,
        'Patented Inventions',
        0.00,
        0.00,
        0.00,
        3,
        '2025-08-18 15:56:56',
        '2025-08-18 15:56:56'
    ),
    (
        4,
        '6531503172',
        9,
        'Composition of textbooks, Books, and interactive/e-Learning Materials',
        50.00,
        0.00,
        0.00,
        4,
        '2025-08-18 15:56:56',
        '2025-08-18 15:56:56'
    ),
    (
        5,
        '6531503172',
        9,
        'Academic Articles',
        0.00,
        0.00,
        0.00,
        5,
        '2025-08-18 15:56:56',
        '2025-08-18 15:56:56'
    ),
    (
        6,
        '6531503172',
        9,
        'Research Publication',
        25.00,
        30.00,
        30.00,
        6,
        '2025-08-18 15:56:56',
        '2025-08-18 15:56:56'
    ),
    (
        7,
        '6531503172',
        9,
        'Research Studies',
        7.00,
        8.00,
        0.00,
        7,
        '2025-08-18 15:56:56',
        '2025-08-18 15:56:56'
    ),
    (
        15,
        '6431703502',
        9,
        'Other Academic Work assigned by the School',
        12.00,
        0.00,
        0.00,
        1,
        '2025-08-18 15:56:56',
        '2025-08-18 15:56:56'
    ),
    (
        16,
        '6431703502',
        9,
        'Other Academic Work',
        8.00,
        0.00,
        0.00,
        2,
        '2025-08-18 15:56:56',
        '2025-08-18 15:56:56'
    ),
    (
        17,
        '6431703502',
        9,
        'Patented Inventions',
        0.00,
        0.00,
        0.00,
        3,
        '2025-08-18 15:56:56',
        '2025-08-18 15:56:56'
    ),
    (
        18,
        '6431703502',
        9,
        'Composition of textbooks, Books, and interactive/e-Learning Materials',
        55.00,
        0.00,
        0.00,
        4,
        '2025-08-18 15:56:56',
        '2025-08-18 15:56:56'
    ),
    (
        19,
        '6431703502',
        9,
        'Academic Articles',
        15.00,
        0.00,
        0.00,
        5,
        '2025-08-18 15:56:56',
        '2025-08-18 15:56:56'
    ),
    (
        20,
        '6431703502',
        9,
        'Research Publication',
        28.00,
        32.00,
        35.00,
        6,
        '2025-08-18 15:56:56',
        '2025-08-18 15:56:56'
    ),
    (
        21,
        '6431703502',
        9,
        'Research Studies',
        9.00,
        10.00,
        0.00,
        7,
        '2025-08-18 15:56:56',
        '2025-08-18 15:56:56'
    ),
    (
        22,
        '6531503017',
        9,
        'Other Academic Work assigned by the School',
        9.00,
        0.00,
        0.00,
        1,
        '2025-08-18 15:56:56',
        '2025-08-18 15:56:56'
    ),
    (
        23,
        '6531503017',
        9,
        'Other Academic Work',
        6.00,
        0.00,
        0.00,
        2,
        '2025-08-18 15:56:56',
        '2025-08-18 15:56:56'
    ),
    (
        24,
        '6531503017',
        9,
        'Patented Inventions',
        0.00,
        0.00,
        0.00,
        3,
        '2025-08-18 15:56:56',
        '2025-08-18 15:56:56'
    ),
    (
        25,
        '6531503017',
        9,
        'Composition of textbooks, Books, and interactive/e-Learning Materials',
        48.00,
        0.00,
        0.00,
        4,
        '2025-08-18 15:56:56',
        '2025-08-18 15:56:56'
    ),
    (
        26,
        '6531503017',
        9,
        'Academic Articles',
        10.00,
        0.00,
        0.00,
        5,
        '2025-08-18 15:56:56',
        '2025-08-18 15:56:56'
    ),
    (
        27,
        '6531503017',
        9,
        'Research Publication',
        22.00,
        28.00,
        32.00,
        6,
        '2025-08-18 15:56:56',
        '2025-08-18 15:56:56'
    ),
    (
        28,
        '6531503017',
        9,
        'Research Studies',
        8.00,
        9.00,
        0.00,
        7,
        '2025-08-18 15:56:56',
        '2025-08-18 15:56:56'
    ),
    (
        29,
        '6531503069',
        9,
        'Other Academic Work assigned by the School',
        11.00,
        0.00,
        0.00,
        1,
        '2025-08-18 15:56:56',
        '2025-08-18 15:56:56'
    ),
    (
        30,
        '6531503069',
        9,
        'Other Academic Work',
        7.00,
        0.00,
        0.00,
        2,
        '2025-08-18 15:56:56',
        '2025-08-18 15:56:56'
    ),
    (
        31,
        '6531503069',
        9,
        'Patented Inventions',
        0.00,
        0.00,
        0.00,
        3,
        '2025-08-18 15:56:56',
        '2025-08-18 15:56:56'
    ),
    (
        32,
        '6531503069',
        9,
        'Composition of textbooks, Books, and interactive/e-Learning Materials',
        52.00,
        0.00,
        0.00,
        4,
        '2025-08-18 15:56:56',
        '2025-08-18 15:56:56'
    ),
    (
        33,
        '6531503069',
        9,
        'Academic Articles',
        13.00,
        0.00,
        0.00,
        5,
        '2025-08-18 15:56:56',
        '2025-08-18 15:56:56'
    ),
    (
        34,
        '6531503069',
        9,
        'Research Publication',
        26.00,
        31.00,
        33.00,
        6,
        '2025-08-18 15:56:56',
        '2025-08-18 15:56:56'
    ),
    (
        35,
        '6531503069',
        9,
        'Research Studies',
        8.00,
        9.00,
        0.00,
        7,
        '2025-08-18 15:56:56',
        '2025-08-18 15:56:56'
    ),
    (
        36,
        '6531503070',
        9,
        'Other Academic Work assigned by the School',
        10.00,
        0.00,
        0.00,
        1,
        '2025-08-18 15:56:56',
        '2025-08-18 15:56:56'
    ),
    (
        37,
        '6531503070',
        9,
        'Other Academic Work',
        5.00,
        0.00,
        0.00,
        2,
        '2025-08-18 15:56:56',
        '2025-08-18 15:56:56'
    ),
    (
        38,
        '6531503070',
        9,
        'Patented Inventions',
        0.00,
        0.00,
        0.00,
        3,
        '2025-08-18 15:56:56',
        '2025-08-18 15:56:56'
    ),
    (
        39,
        '6531503070',
        9,
        'Composition of textbooks, Books, and interactive/e-Learning Materials',
        49.00,
        0.00,
        0.00,
        4,
        '2025-08-18 15:56:56',
        '2025-08-18 15:56:56'
    ),
    (
        40,
        '6531503070',
        9,
        'Academic Articles',
        11.00,
        0.00,
        0.00,
        5,
        '2025-08-18 15:56:56',
        '2025-08-18 15:56:56'
    ),
    (
        41,
        '6531503070',
        9,
        'Research Publication',
        24.00,
        29.00,
        31.00,
        6,
        '2025-08-18 15:56:56',
        '2025-08-18 15:56:56'
    ),
    (
        42,
        '6531503070',
        9,
        'Research Studies',
        7.00,
        8.00,
        0.00,
        7,
        '2025-08-18 15:56:56',
        '2025-08-18 15:56:56'
    ),
    (
        43,
        '6531503074',
        9,
        'Other Academic Work assigned by the School',
        13.00,
        0.00,
        0.00,
        1,
        '2025-08-18 15:56:56',
        '2025-08-18 15:56:56'
    ),
    (
        44,
        '6531503074',
        9,
        'Other Academic Work',
        9.00,
        0.00,
        0.00,
        2,
        '2025-08-18 15:56:56',
        '2025-08-18 15:56:56'
    ),
    (
        45,
        '6531503074',
        9,
        'Patented Inventions',
        0.00,
        0.00,
        0.00,
        3,
        '2025-08-18 15:56:56',
        '2025-08-18 15:56:56'
    ),
    (
        46,
        '6531503074',
        9,
        'Composition of textbooks, Books, and interactive/e-Learning Materials',
        56.00,
        0.00,
        0.00,
        4,
        '2025-08-18 15:56:56',
        '2025-08-18 15:56:56'
    ),
    (
        47,
        '6531503074',
        9,
        'Academic Articles',
        16.00,
        0.00,
        0.00,
        5,
        '2025-08-18 15:56:56',
        '2025-08-18 15:56:56'
    ),
    (
        48,
        '6531503074',
        9,
        'Research Publication',
        29.00,
        33.00,
        36.00,
        6,
        '2025-08-18 15:56:56',
        '2025-08-18 15:56:56'
    ),
    (
        49,
        '6531503074',
        9,
        'Research Studies',
        10.00,
        11.00,
        0.00,
        7,
        '2025-08-18 15:56:56',
        '2025-08-18 15:56:56'
    ),
    (
        50,
        '6531503137',
        9,
        'Other Academic Work assigned by the School',
        8.00,
        0.00,
        0.00,
        1,
        '2025-08-18 15:56:56',
        '2025-08-18 15:56:56'
    ),
    (
        51,
        '6531503137',
        9,
        'Other Academic Work',
        4.00,
        0.00,
        0.00,
        2,
        '2025-08-18 15:56:56',
        '2025-08-18 15:56:56'
    ),
    (
        52,
        '6531503137',
        9,
        'Patented Inventions',
        0.00,
        0.00,
        0.00,
        3,
        '2025-08-18 15:56:56',
        '2025-08-18 15:56:56'
    ),
    (
        53,
        '6531503137',
        9,
        'Composition of textbooks, Books, and interactive/e-Learning Materials',
        46.00,
        0.00,
        0.00,
        4,
        '2025-08-18 15:56:56',
        '2025-08-18 15:56:56'
    ),
    (
        54,
        '6531503137',
        9,
        'Academic Articles',
        9.00,
        0.00,
        0.00,
        5,
        '2025-08-18 15:56:56',
        '2025-08-18 15:56:56'
    ),
    (
        55,
        '6531503137',
        9,
        'Research Publication',
        21.00,
        27.00,
        30.00,
        6,
        '2025-08-18 15:56:56',
        '2025-08-18 15:56:56'
    ),
    (
        56,
        '6531503137',
        9,
        'Research Studies',
        6.00,
        7.00,
        0.00,
        7,
        '2025-08-18 15:56:56',
        '2025-08-18 15:56:56'
    ),
    (
        57,
        '6531503174',
        9,
        'Other Academic Work assigned by the School',
        14.00,
        0.00,
        0.00,
        1,
        '2025-08-18 15:56:56',
        '2025-08-18 15:56:56'
    ),
    (
        58,
        '6531503174',
        9,
        'Other Academic Work',
        10.00,
        0.00,
        0.00,
        2,
        '2025-08-18 15:56:56',
        '2025-08-18 15:56:56'
    ),
    (
        59,
        '6531503174',
        9,
        'Patented Inventions',
        0.00,
        0.00,
        0.00,
        3,
        '2025-08-18 15:56:56',
        '2025-08-18 15:56:56'
    ),
    (
        60,
        '6531503174',
        9,
        'Composition of textbooks, Books, and interactive/e-Learning Materials',
        58.00,
        0.00,
        0.00,
        4,
        '2025-08-18 15:56:56',
        '2025-08-18 15:56:56'
    ),
    (
        61,
        '6531503174',
        9,
        'Academic Articles',
        18.00,
        0.00,
        0.00,
        5,
        '2025-08-18 15:56:56',
        '2025-08-18 15:56:56'
    ),
    (
        62,
        '6531503174',
        9,
        'Research Publication',
        31.00,
        35.00,
        38.00,
        6,
        '2025-08-18 15:56:56',
        '2025-08-18 15:56:56'
    ),
    (
        63,
        '6531503174',
        9,
        'Research Studies',
        11.00,
        12.00,
        0.00,
        7,
        '2025-08-18 15:56:56',
        '2025-08-18 15:56:56'
    ),
    (
        64,
        '6531503176',
        9,
        'Other Academic Work assigned by the School',
        9.00,
        0.00,
        0.00,
        1,
        '2025-08-18 15:56:56',
        '2025-08-18 15:56:56'
    ),
    (
        65,
        '6531503176',
        9,
        'Other Academic Work',
        6.00,
        0.00,
        0.00,
        2,
        '2025-08-18 15:56:56',
        '2025-08-18 15:56:56'
    ),
    (
        66,
        '6531503176',
        9,
        'Patented Inventions',
        0.00,
        0.00,
        0.00,
        3,
        '2025-08-18 15:56:56',
        '2025-08-18 15:56:56'
    ),
    (
        67,
        '6531503176',
        9,
        'Composition of textbooks, Books, and interactive/e-Learning Materials',
        47.00,
        0.00,
        0.00,
        4,
        '2025-08-18 15:56:56',
        '2025-08-18 15:56:56'
    ),
    (
        68,
        '6531503176',
        9,
        'Academic Articles',
        12.00,
        0.00,
        0.00,
        5,
        '2025-08-18 15:56:56',
        '2025-08-18 15:56:56'
    ),
    (
        69,
        '6531503176',
        9,
        'Research Publication',
        23.00,
        28.00,
        31.00,
        6,
        '2025-08-18 15:56:56',
        '2025-08-18 15:56:56'
    ),
    (
        70,
        '6531503176',
        9,
        'Research Studies',
        7.00,
        8.00,
        0.00,
        7,
        '2025-08-18 15:56:56',
        '2025-08-18 15:56:56'
    ),
    (
        71,
        '6631205226',
        9,
        'Other Academic Work assigned by the School',
        11.00,
        0.00,
        0.00,
        1,
        '2025-08-18 15:56:56',
        '2025-08-18 15:56:56'
    ),
    (
        72,
        '6631205226',
        9,
        'Other Academic Work',
        7.00,
        0.00,
        0.00,
        2,
        '2025-08-18 15:56:56',
        '2025-08-18 15:56:56'
    ),
    (
        73,
        '6631205226',
        9,
        'Patented Inventions',
        0.00,
        0.00,
        0.00,
        3,
        '2025-08-18 15:56:56',
        '2025-08-18 15:56:56'
    ),
    (
        74,
        '6631205226',
        9,
        'Composition of textbooks, Books, and interactive/e-Learning Materials',
        51.00,
        0.00,
        0.00,
        4,
        '2025-08-18 15:56:56',
        '2025-08-18 15:56:56'
    ),
    (
        75,
        '6631205226',
        9,
        'Academic Articles',
        14.00,
        0.00,
        0.00,
        5,
        '2025-08-18 15:56:56',
        '2025-08-18 15:56:56'
    ),
    (
        76,
        '6631205226',
        9,
        'Research Publication',
        27.00,
        32.00,
        34.00,
        6,
        '2025-08-18 15:56:56',
        '2025-08-18 15:56:56'
    ),
    (
        77,
        '6631205226',
        9,
        'Research Studies',
        9.00,
        10.00,
        0.00,
        7,
        '2025-08-18 15:56:56',
        '2025-08-18 15:56:56'
    ),
    (
        141,
        '6431703502',
        8,
        'Other Academic Work assigned by the School',
        8.00,
        0.00,
        0.00,
        1,
        '2025-08-18 19:02:48',
        '2025-08-18 19:02:48'
    ),
    (
        142,
        '6431703502',
        8,
        'Other Academic Work',
        0.00,
        0.00,
        0.00,
        2,
        '2025-08-18 19:02:48',
        '2025-08-18 19:02:48'
    ),
    (
        143,
        '6431703502',
        8,
        'Patented Inventions',
        0.00,
        0.00,
        0.00,
        3,
        '2025-08-18 19:02:48',
        '2025-08-18 19:02:48'
    ),
    (
        144,
        '6431703502',
        8,
        'Composition of textbooks, Books, and interactive/e-Learning Materials',
        40.00,
        0.00,
        0.00,
        4,
        '2025-08-18 19:02:48',
        '2025-08-18 19:02:48'
    ),
    (
        145,
        '6431703502',
        8,
        'Academic Articles',
        0.00,
        0.00,
        0.00,
        5,
        '2025-08-18 19:02:48',
        '2025-08-18 19:02:48'
    ),
    (
        146,
        '6431703502',
        8,
        'Research Publication',
        20.00,
        25.00,
        25.00,
        6,
        '2025-08-18 19:02:48',
        '2025-08-18 19:02:48'
    ),
    (
        147,
        '6431703502',
        8,
        'Research Studies',
        5.00,
        6.00,
        0.00,
        7,
        '2025-08-18 19:02:48',
        '2025-08-18 19:02:48'
    ),
    (
        148,
        '6531503017',
        8,
        'Other Academic Work assigned by the School',
        12.00,
        0.00,
        0.00,
        1,
        '2025-08-18 19:02:48',
        '2025-08-18 19:02:48'
    ),
    (
        149,
        '6531503017',
        8,
        'Other Academic Work',
        0.00,
        0.00,
        0.00,
        2,
        '2025-08-18 19:02:48',
        '2025-08-18 19:02:48'
    ),
    (
        150,
        '6531503017',
        8,
        'Patented Inventions',
        0.00,
        0.00,
        0.00,
        3,
        '2025-08-18 19:02:48',
        '2025-08-18 19:02:48'
    ),
    (
        151,
        '6531503017',
        8,
        'Composition of textbooks, Books, and interactive/e-Learning Materials',
        60.00,
        0.00,
        0.00,
        4,
        '2025-08-18 19:02:48',
        '2025-08-18 19:02:48'
    ),
    (
        152,
        '6531503017',
        8,
        'Academic Articles',
        0.00,
        0.00,
        0.00,
        5,
        '2025-08-18 19:02:48',
        '2025-08-18 19:02:48'
    ),
    (
        153,
        '6531503017',
        8,
        'Research Publication',
        30.00,
        35.00,
        35.00,
        6,
        '2025-08-18 19:02:48',
        '2025-08-18 19:02:48'
    ),
    (
        154,
        '6531503017',
        8,
        'Research Studies',
        9.00,
        10.00,
        0.00,
        7,
        '2025-08-18 19:02:48',
        '2025-08-18 19:02:48'
    ),
    (
        155,
        '6531503069',
        8,
        'Other Academic Work assigned by the School',
        6.00,
        0.00,
        0.00,
        1,
        '2025-08-18 19:02:48',
        '2025-08-18 19:02:48'
    ),
    (
        156,
        '6531503069',
        8,
        'Other Academic Work',
        0.00,
        0.00,
        0.00,
        2,
        '2025-08-18 19:02:48',
        '2025-08-18 19:02:48'
    ),
    (
        157,
        '6531503069',
        8,
        'Patented Inventions',
        0.00,
        0.00,
        0.00,
        3,
        '2025-08-18 19:02:48',
        '2025-08-18 19:02:48'
    ),
    (
        158,
        '6531503069',
        8,
        'Composition of textbooks, Books, and interactive/e-Learning Materials',
        30.00,
        0.00,
        0.00,
        4,
        '2025-08-18 19:02:48',
        '2025-08-18 19:02:48'
    ),
    (
        159,
        '6531503069',
        8,
        'Academic Articles',
        0.00,
        0.00,
        0.00,
        5,
        '2025-08-18 19:02:48',
        '2025-08-18 19:02:48'
    ),
    (
        160,
        '6531503069',
        8,
        'Research Publication',
        15.00,
        20.00,
        20.00,
        6,
        '2025-08-18 19:02:48',
        '2025-08-18 19:02:48'
    ),
    (
        161,
        '6531503069',
        8,
        'Research Studies',
        4.00,
        5.00,
        0.00,
        7,
        '2025-08-18 19:02:48',
        '2025-08-18 19:02:48'
    ),
    (
        162,
        '6531503070',
        8,
        'Other Academic Work assigned by the School',
        9.00,
        0.00,
        0.00,
        1,
        '2025-08-18 19:02:48',
        '2025-08-18 19:02:48'
    ),
    (
        163,
        '6531503070',
        8,
        'Other Academic Work',
        0.00,
        0.00,
        0.00,
        2,
        '2025-08-18 19:02:48',
        '2025-08-18 19:02:48'
    ),
    (
        164,
        '6531503070',
        8,
        'Patented Inventions',
        0.00,
        0.00,
        0.00,
        3,
        '2025-08-18 19:02:48',
        '2025-08-18 19:02:48'
    ),
    (
        165,
        '6531503070',
        8,
        'Composition of textbooks, Books, and interactive/e-Learning Materials',
        45.00,
        0.00,
        0.00,
        4,
        '2025-08-18 19:02:48',
        '2025-08-18 19:02:48'
    ),
    (
        166,
        '6531503070',
        8,
        'Academic Articles',
        0.00,
        0.00,
        0.00,
        5,
        '2025-08-18 19:02:48',
        '2025-08-18 19:02:48'
    ),
    (
        167,
        '6531503070',
        8,
        'Research Publication',
        22.00,
        28.00,
        28.00,
        6,
        '2025-08-18 19:02:48',
        '2025-08-18 19:02:48'
    ),
    (
        168,
        '6531503070',
        8,
        'Research Studies',
        6.00,
        7.00,
        0.00,
        7,
        '2025-08-18 19:02:48',
        '2025-08-18 19:02:48'
    ),
    (
        169,
        '6531503074',
        8,
        'Other Academic Work assigned by the School',
        11.00,
        0.00,
        0.00,
        1,
        '2025-08-18 19:02:48',
        '2025-08-18 19:02:48'
    ),
    (
        170,
        '6531503074',
        8,
        'Other Academic Work',
        0.00,
        0.00,
        0.00,
        2,
        '2025-08-18 19:02:48',
        '2025-08-18 19:02:48'
    ),
    (
        171,
        '6531503074',
        8,
        'Patented Inventions',
        0.00,
        0.00,
        0.00,
        3,
        '2025-08-18 19:02:48',
        '2025-08-18 19:02:48'
    ),
    (
        172,
        '6531503074',
        8,
        'Composition of textbooks, Books, and interactive/e-Learning Materials',
        55.00,
        0.00,
        0.00,
        4,
        '2025-08-18 19:02:48',
        '2025-08-18 19:02:48'
    ),
    (
        173,
        '6531503074',
        8,
        'Academic Articles',
        0.00,
        0.00,
        0.00,
        5,
        '2025-08-18 19:02:48',
        '2025-08-18 19:02:48'
    ),
    (
        174,
        '6531503074',
        8,
        'Research Publication',
        28.00,
        32.00,
        32.00,
        6,
        '2025-08-18 19:02:48',
        '2025-08-18 19:02:48'
    ),
    (
        175,
        '6531503074',
        8,
        'Research Studies',
        8.00,
        9.00,
        0.00,
        7,
        '2025-08-18 19:02:48',
        '2025-08-18 19:02:48'
    ),
    (
        176,
        '6531503137',
        8,
        'Other Academic Work assigned by the School',
        4.00,
        0.00,
        0.00,
        1,
        '2025-08-18 19:02:48',
        '2025-08-18 19:02:48'
    ),
    (
        177,
        '6531503137',
        8,
        'Other Academic Work',
        0.00,
        0.00,
        0.00,
        2,
        '2025-08-18 19:02:48',
        '2025-08-18 19:02:48'
    ),
    (
        178,
        '6531503137',
        8,
        'Patented Inventions',
        0.00,
        0.00,
        0.00,
        3,
        '2025-08-18 19:02:48',
        '2025-08-18 19:02:48'
    ),
    (
        179,
        '6531503137',
        8,
        'Composition of textbooks, Books, and interactive/e-Learning Materials',
        20.00,
        0.00,
        0.00,
        4,
        '2025-08-18 19:02:48',
        '2025-08-18 19:02:48'
    ),
    (
        180,
        '6531503137',
        8,
        'Academic Articles',
        0.00,
        0.00,
        0.00,
        5,
        '2025-08-18 19:02:48',
        '2025-08-18 19:02:48'
    ),
    (
        181,
        '6531503137',
        8,
        'Research Publication',
        10.00,
        15.00,
        15.00,
        6,
        '2025-08-18 19:02:48',
        '2025-08-18 19:02:48'
    ),
    (
        182,
        '6531503137',
        8,
        'Research Studies',
        2.00,
        3.00,
        0.00,
        7,
        '2025-08-18 19:02:48',
        '2025-08-18 19:02:48'
    ),
    (
        183,
        '6531503172',
        8,
        'Other Academic Work assigned by the School',
        8.00,
        0.00,
        0.00,
        1,
        '2025-08-18 19:02:48',
        '2025-08-18 19:02:48'
    ),
    (
        184,
        '6531503172',
        8,
        'Other Academic Work',
        0.00,
        0.00,
        0.00,
        2,
        '2025-08-18 19:02:48',
        '2025-08-18 19:02:48'
    ),
    (
        185,
        '6531503172',
        8,
        'Patented Inventions',
        0.00,
        0.00,
        0.00,
        3,
        '2025-08-18 19:02:48',
        '2025-08-18 19:02:48'
    ),
    (
        186,
        '6531503172',
        8,
        'Composition of textbooks, Books, and interactive/e-Learning Materials',
        40.00,
        0.00,
        0.00,
        4,
        '2025-08-18 19:02:48',
        '2025-08-18 19:02:48'
    ),
    (
        187,
        '6531503172',
        8,
        'Academic Articles',
        0.00,
        0.00,
        0.00,
        5,
        '2025-08-18 19:02:48',
        '2025-08-18 19:02:48'
    ),
    (
        188,
        '6531503172',
        8,
        'Research Publication',
        20.00,
        25.00,
        25.00,
        6,
        '2025-08-18 19:02:48',
        '2025-08-18 19:02:48'
    ),
    (
        189,
        '6531503172',
        8,
        'Research Studies',
        5.00,
        6.00,
        0.00,
        7,
        '2025-08-18 19:02:48',
        '2025-08-18 19:02:48'
    ),
    (
        190,
        '6531503174',
        8,
        'Other Academic Work assigned by the School',
        9.00,
        0.00,
        0.00,
        1,
        '2025-08-18 19:02:48',
        '2025-08-18 19:02:48'
    ),
    (
        191,
        '6531503174',
        8,
        'Other Academic Work',
        0.00,
        0.00,
        0.00,
        2,
        '2025-08-18 19:02:48',
        '2025-08-18 19:02:48'
    ),
    (
        192,
        '6531503174',
        8,
        'Patented Inventions',
        0.00,
        0.00,
        0.00,
        3,
        '2025-08-18 19:02:48',
        '2025-08-18 19:02:48'
    ),
    (
        193,
        '6531503174',
        8,
        'Composition of textbooks, Books, and interactive/e-Learning Materials',
        45.00,
        0.00,
        0.00,
        4,
        '2025-08-18 19:02:48',
        '2025-08-18 19:02:48'
    ),
    (
        194,
        '6531503174',
        8,
        'Academic Articles',
        0.00,
        0.00,
        0.00,
        5,
        '2025-08-18 19:02:48',
        '2025-08-18 19:02:48'
    ),
    (
        195,
        '6531503174',
        8,
        'Research Publication',
        22.00,
        28.00,
        28.00,
        6,
        '2025-08-18 19:02:48',
        '2025-08-18 19:02:48'
    ),
    (
        196,
        '6531503174',
        8,
        'Research Studies',
        6.00,
        7.00,
        0.00,
        7,
        '2025-08-18 19:02:48',
        '2025-08-18 19:02:48'
    ),
    (
        197,
        '6531503176',
        8,
        'Other Academic Work assigned by the School',
        5.00,
        0.00,
        0.00,
        1,
        '2025-08-18 19:02:48',
        '2025-08-18 19:02:48'
    ),
    (
        198,
        '6531503176',
        8,
        'Other Academic Work',
        0.00,
        0.00,
        0.00,
        2,
        '2025-08-18 19:02:48',
        '2025-08-18 19:02:48'
    ),
    (
        199,
        '6531503176',
        8,
        'Patented Inventions',
        0.00,
        0.00,
        0.00,
        3,
        '2025-08-18 19:02:48',
        '2025-08-18 19:02:48'
    ),
    (
        200,
        '6531503176',
        8,
        'Composition of textbooks, Books, and interactive/e-Learning Materials',
        25.00,
        0.00,
        0.00,
        4,
        '2025-08-18 19:02:48',
        '2025-08-18 19:02:48'
    ),
    (
        201,
        '6531503176',
        8,
        'Academic Articles',
        0.00,
        0.00,
        0.00,
        5,
        '2025-08-18 19:02:48',
        '2025-08-18 19:02:48'
    ),
    (
        202,
        '6531503176',
        8,
        'Research Publication',
        12.00,
        18.00,
        18.00,
        6,
        '2025-08-18 19:02:48',
        '2025-08-18 19:02:48'
    ),
    (
        203,
        '6531503176',
        8,
        'Research Studies',
        3.00,
        4.00,
        0.00,
        7,
        '2025-08-18 19:02:48',
        '2025-08-18 19:02:48'
    ),
    (
        204,
        '6631205226',
        8,
        'Other Academic Work assigned by the School',
        7.00,
        0.00,
        0.00,
        1,
        '2025-08-18 19:02:48',
        '2025-08-18 19:02:48'
    ),
    (
        205,
        '6631205226',
        8,
        'Other Academic Work',
        0.00,
        0.00,
        0.00,
        2,
        '2025-08-18 19:02:48',
        '2025-08-18 19:02:48'
    ),
    (
        206,
        '6631205226',
        8,
        'Patented Inventions',
        0.00,
        0.00,
        0.00,
        3,
        '2025-08-18 19:02:48',
        '2025-08-18 19:02:48'
    ),
    (
        207,
        '6631205226',
        8,
        'Composition of textbooks, Books, and interactive/e-Learning Materials',
        35.00,
        0.00,
        0.00,
        4,
        '2025-08-18 19:02:48',
        '2025-08-18 19:02:48'
    ),
    (
        208,
        '6631205226',
        8,
        'Academic Articles',
        0.00,
        0.00,
        0.00,
        5,
        '2025-08-18 19:02:48',
        '2025-08-18 19:02:48'
    ),
    (
        209,
        '6631205226',
        8,
        'Research Publication',
        18.00,
        22.00,
        22.00,
        6,
        '2025-08-18 19:02:48',
        '2025-08-18 19:02:48'
    ),
    (
        210,
        '6631205226',
        8,
        'Research Studies',
        4.00,
        5.00,
        0.00,
        7,
        '2025-08-18 19:02:48',
        '2025-08-18 19:02:48'
    );
/*!40000 ALTER TABLE `research_performance` ENABLE KEYS */
;
UNLOCK TABLES;

--
-- Table structure for table `staff_budget_info`
--

DROP TABLE IF EXISTS `staff_budget_info`;
/*!40101 SET @saved_cs_client     = @@character_set_client */
;
/*!50503 SET character_set_client = utf8mb4 */
;
CREATE TABLE `staff_budget_info` (
    `id` int NOT NULL AUTO_INCREMENT,
    `staff_code` varchar(20) NOT NULL,
    `email` varchar(100) NOT NULL,
    `staff_name` varchar(100) NOT NULL,
    `department` varchar(100) DEFAULT NULL,
    `created_at` timestamp NULL DEFAULT CURRENT_TIMESTAMP,
    `updated_at` timestamp NULL DEFAULT CURRENT_TIMESTAMP ON UPDATE CURRENT_TIMESTAMP,
    PRIMARY KEY (`id`),
    UNIQUE KEY `staff_code` (`staff_code`),
    UNIQUE KEY `email` (`email`)
) ENGINE = InnoDB AUTO_INCREMENT = 11 DEFAULT CHARSET = utf8mb4 COLLATE = utf8mb4_0900_ai_ci;
/*!40101 SET character_set_client = @saved_cs_client */
;

--
-- Dumping data for table `staff_budget_info`
--

LOCK TABLES `staff_budget_info` WRITE;
/*!40000 ALTER TABLE `staff_budget_info` DISABLE KEYS */
;
INSERT INTO
    `staff_budget_info`
VALUES (
        1,
        '6431703502',
        '6431703502@lamduan.mfu.ac.th',
        'Dr. Apinya Wongkham',
        'School of Management',
        '2025-08-05 22:39:46',
        '2025-08-05 22:39:46'
    ),
    (
        2,
        '6531503017',
        '6531503017@lamduan.mfu.ac.th',
        'Dr. Siriporn Thanakit',
        'School of Management',
        '2025-08-05 22:39:46',
        '2025-08-05 22:39:46'
    ),
    (
        3,
        '6531503069',
        '6531503069@lamduan.mfu.ac.th',
        'Dr. Rattana Choosri',
        'School of Management',
        '2025-08-05 22:39:46',
        '2025-08-05 22:39:46'
    ),
    (
        4,
        '6531503070',
        '6531503070@lamduan.mfu.ac.th',
        'Dr. Suwanna Phakdee',
        'School of Management',
        '2025-08-05 22:39:46',
        '2025-08-05 22:39:46'
    ),
    (
        5,
        '6531503074',
        '6531503074@lamduan.mfu.ac.th',
        'Dr. Niran Jaikla',
        'School of Management',
        '2025-08-05 22:39:46',
        '2025-08-05 22:39:46'
    ),
    (
        6,
        '6531503137',
        '6531503137@lamduan.mfu.ac.th',
        'Dr. Kamon Bualert',
        'School of Management',
        '2025-08-05 22:39:46',
        '2025-08-05 22:39:46'
    ),
    (
        7,
        '6531503172',
        '6531503172@lamduan.mfu.ac.th',
        'Dr. Supansa Chaising',
        'School of Management',
        '2025-08-05 22:39:46',
        '2025-08-05 22:48:07'
    ),
    (
        8,
        '6531503174',
        '6531503174@lamduan.mfu.ac.th',
        'Dr. Supansa Chaising',
        'School of Management',
        '2025-08-05 22:39:46',
        '2025-08-05 22:39:46'
    ),
    (
        9,
        '6531503176',
        '6531503176@lamduan.mfu.ac.th',
        'Dr. Korawit Fakkhong',
        'School of Management',
        '2025-08-05 22:39:46',
        '2025-08-05 22:39:46'
    ),
    (
        10,
        '6631205226',
        '6631205226@lamduan.mfu.ac.th',
        'Dr. Wipob Suttinun',
        'School of Management',
        '2025-08-05 22:39:46',
        '2025-08-05 22:39:46'
    );
/*!40000 ALTER TABLE `staff_budget_info` ENABLE KEYS */
;
UNLOCK TABLES;

--
-- Table structure for table `teaching_performance`
--

DROP TABLE IF EXISTS `teaching_performance`;
/*!40101 SET @saved_cs_client     = @@character_set_client */
;
/*!50503 SET character_set_client = utf8mb4 */
;
CREATE TABLE `teaching_performance` (
    `id` int NOT NULL AUTO_INCREMENT,
    `staff_code` varchar(20) NOT NULL,
    `evaluateid` int NOT NULL,
    `category` varchar(100) NOT NULL,
    `lecture_score` decimal(10, 2) DEFAULT '0.00',
    `lab_score` decimal(10, 2) DEFAULT '0.00',
    `display_order` int NOT NULL,
    `created_at` timestamp NULL DEFAULT CURRENT_TIMESTAMP,
    `updated_at` timestamp NULL DEFAULT CURRENT_TIMESTAMP ON UPDATE CURRENT_TIMESTAMP,
    PRIMARY KEY (`id`),
    KEY `evaluateid` (`evaluateid`),
    KEY `idx_staff_evaluate` (`staff_code`, `evaluateid`),
    KEY `idx_display_order` (`display_order`),
    CONSTRAINT `teaching_performance_ibfk_1` FOREIGN KEY (`evaluateid`) REFERENCES `evaluation_periods` (`evaluateid`)
) ENGINE = InnoDB AUTO_INCREMENT = 259 DEFAULT CHARSET = utf8mb4 COLLATE = utf8mb4_0900_ai_ci;
/*!40101 SET character_set_client = @saved_cs_client */
;

--
-- Dumping data for table `teaching_performance`
--

LOCK TABLES `teaching_performance` WRITE;
/*!40000 ALTER TABLE `teaching_performance` DISABLE KEYS */
;
INSERT INTO
    `teaching_performance`
VALUES (
        1,
        '6531503172',
        9,
        'Other Teaching Tasks Assigned by the Academic Office',
        0.00,
        0.00,
        1,
        '2025-08-18 14:56:14',
        '2025-08-18 15:25:20'
    ),
    (
        2,
        '6531503172',
        9,
        'Thesis Oversight Duties',
        0.00,
        0.00,
        2,
        '2025-08-18 14:56:14',
        '2025-08-18 15:25:20'
    ),
    (
        3,
        '6531503172',
        9,
        'Student Projects or Special Issues',
        0.00,
        0.00,
        3,
        '2025-08-18 14:56:14',
        '2025-08-18 15:25:20'
    ),
    (
        4,
        '6531503172',
        9,
        'Student Internships',
        3.00,
        0.00,
        4,
        '2025-08-18 14:56:14',
        '2025-08-18 15:25:20'
    ),
    (
        5,
        '6531503172',
        9,
        'Graduate Teaching',
        25.00,
        24.60,
        5,
        '2025-08-18 14:56:14',
        '2025-08-18 15:25:20'
    ),
    (
        6,
        '6531503172',
        9,
        'Undergraduate Teaching',
        80.00,
        71.50,
        6,
        '2025-08-18 14:56:14',
        '2025-08-18 15:25:20'
    ),
    (
        13,
        '6431703502',
        9,
        'Other Teaching Tasks Assigned by the Academic Office',
        9.10,
        8.70,
        1,
        '2025-08-18 14:56:14',
        '2025-08-18 14:56:14'
    ),
    (
        14,
        '6431703502',
        9,
        'Thesis Oversight Duties',
        9.40,
        9.20,
        2,
        '2025-08-18 14:56:14',
        '2025-08-18 14:56:14'
    ),
    (
        15,
        '6431703502',
        9,
        'Student Projects or Special Issues',
        8.20,
        8.80,
        3,
        '2025-08-18 14:56:14',
        '2025-08-18 14:56:14'
    ),
    (
        16,
        '6431703502',
        9,
        'Student Internships',
        9.30,
        8.90,
        4,
        '2025-08-18 14:56:14',
        '2025-08-18 14:56:14'
    ),
    (
        17,
        '6431703502',
        9,
        'Graduate Teaching',
        8.80,
        8.40,
        5,
        '2025-08-18 14:56:14',
        '2025-08-18 14:56:14'
    ),
    (
        18,
        '6431703502',
        9,
        'Undergraduate Teaching',
        9.00,
        8.60,
        6,
        '2025-08-18 14:56:14',
        '2025-08-18 14:56:14'
    ),
    (
        19,
        '6531503017',
        9,
        'Other Teaching Tasks Assigned by the Academic Office',
        8.70,
        8.20,
        1,
        '2025-08-18 14:56:14',
        '2025-08-18 14:56:14'
    ),
    (
        20,
        '6531503017',
        9,
        'Thesis Oversight Duties',
        9.00,
        8.60,
        2,
        '2025-08-18 14:56:14',
        '2025-08-18 14:56:14'
    ),
    (
        21,
        '6531503017',
        9,
        'Student Projects or Special Issues',
        7.80,
        8.40,
        3,
        '2025-08-18 14:56:14',
        '2025-08-18 14:56:14'
    ),
    (
        22,
        '6531503017',
        9,
        'Student Internships',
        8.80,
        8.30,
        4,
        '2025-08-18 14:56:14',
        '2025-08-18 14:56:14'
    ),
    (
        23,
        '6531503017',
        9,
        'Graduate Teaching',
        8.40,
        8.00,
        5,
        '2025-08-18 14:56:14',
        '2025-08-18 14:56:14'
    ),
    (
        24,
        '6531503017',
        9,
        'Undergraduate Teaching',
        8.60,
        8.20,
        6,
        '2025-08-18 14:56:14',
        '2025-08-18 14:56:14'
    ),
    (
        25,
        '6531503069',
        9,
        'Other Teaching Tasks Assigned by the Academic Office',
        8.30,
        7.90,
        1,
        '2025-08-18 14:56:14',
        '2025-08-18 14:56:14'
    ),
    (
        26,
        '6531503069',
        9,
        'Thesis Oversight Duties',
        8.90,
        8.50,
        2,
        '2025-08-18 14:56:14',
        '2025-08-18 14:56:14'
    ),
    (
        27,
        '6531503069',
        9,
        'Student Projects or Special Issues',
        7.50,
        8.10,
        3,
        '2025-08-18 14:56:14',
        '2025-08-18 14:56:14'
    ),
    (
        28,
        '6531503069',
        9,
        'Student Internships',
        8.70,
        8.20,
        4,
        '2025-08-18 14:56:14',
        '2025-08-18 14:56:14'
    ),
    (
        29,
        '6531503069',
        9,
        'Graduate Teaching',
        8.10,
        7.70,
        5,
        '2025-08-18 14:56:14',
        '2025-08-18 14:56:14'
    ),
    (
        30,
        '6531503069',
        9,
        'Undergraduate Teaching',
        8.40,
        8.00,
        6,
        '2025-08-18 14:56:14',
        '2025-08-18 14:56:14'
    ),
    (
        31,
        '6531503070',
        9,
        'Other Teaching Tasks Assigned by the Academic Office',
        8.90,
        8.60,
        1,
        '2025-08-18 14:56:14',
        '2025-08-18 14:56:14'
    ),
    (
        32,
        '6531503070',
        9,
        'Thesis Oversight Duties',
        9.30,
        9.00,
        2,
        '2025-08-18 14:56:14',
        '2025-08-18 14:56:14'
    ),
    (
        33,
        '6531503070',
        9,
        'Student Projects or Special Issues',
        8.00,
        8.70,
        3,
        '2025-08-18 14:56:14',
        '2025-08-18 14:56:14'
    ),
    (
        34,
        '6531503070',
        9,
        'Student Internships',
        9.10,
        8.80,
        4,
        '2025-08-18 14:56:14',
        '2025-08-18 14:56:14'
    ),
    (
        35,
        '6531503070',
        9,
        'Graduate Teaching',
        8.60,
        8.20,
        5,
        '2025-08-18 14:56:14',
        '2025-08-18 14:56:14'
    ),
    (
        36,
        '6531503070',
        9,
        'Undergraduate Teaching',
        8.80,
        8.40,
        6,
        '2025-08-18 14:56:14',
        '2025-08-18 14:56:14'
    ),
    (
        37,
        '6531503074',
        9,
        'Other Teaching Tasks Assigned by the Academic Office',
        8.20,
        7.80,
        1,
        '2025-08-18 14:56:14',
        '2025-08-18 14:56:14'
    ),
    (
        38,
        '6531503074',
        9,
        'Thesis Oversight Duties',
        8.80,
        8.40,
        2,
        '2025-08-18 14:56:14',
        '2025-08-18 14:56:14'
    ),
    (
        39,
        '6531503074',
        9,
        'Student Projects or Special Issues',
        7.40,
        8.00,
        3,
        '2025-08-18 14:56:14',
        '2025-08-18 14:56:14'
    ),
    (
        40,
        '6531503074',
        9,
        'Student Internships',
        8.60,
        8.10,
        4,
        '2025-08-18 14:56:14',
        '2025-08-18 14:56:14'
    ),
    (
        41,
        '6531503074',
        9,
        'Graduate Teaching',
        8.00,
        7.60,
        5,
        '2025-08-18 14:56:14',
        '2025-08-18 14:56:14'
    ),
    (
        42,
        '6531503074',
        9,
        'Undergraduate Teaching',
        8.30,
        7.90,
        6,
        '2025-08-18 14:56:14',
        '2025-08-18 14:56:14'
    ),
    (
        43,
        '6531503137',
        9,
        'Other Teaching Tasks Assigned by the Academic Office',
        9.00,
        8.80,
        1,
        '2025-08-18 14:56:14',
        '2025-08-18 14:56:14'
    ),
    (
        44,
        '6531503137',
        9,
        'Thesis Oversight Duties',
        9.30,
        9.10,
        2,
        '2025-08-18 14:56:14',
        '2025-08-18 14:56:14'
    ),
    (
        45,
        '6531503137',
        9,
        'Student Projects or Special Issues',
        8.10,
        8.60,
        3,
        '2025-08-18 14:56:14',
        '2025-08-18 14:56:14'
    ),
    (
        46,
        '6531503137',
        9,
        'Student Internships',
        9.20,
        8.90,
        4,
        '2025-08-18 14:56:14',
        '2025-08-18 14:56:14'
    ),
    (
        47,
        '6531503137',
        9,
        'Graduate Teaching',
        8.70,
        8.30,
        5,
        '2025-08-18 14:56:14',
        '2025-08-18 14:56:14'
    ),
    (
        48,
        '6531503137',
        9,
        'Undergraduate Teaching',
        8.90,
        8.50,
        6,
        '2025-08-18 14:56:14',
        '2025-08-18 14:56:14'
    ),
    (
        49,
        '6531503174',
        9,
        'Other Teaching Tasks Assigned by the Academic Office',
        0.00,
        0.00,
        1,
        '2025-08-18 14:56:14',
        '2025-08-19 01:39:49'
    ),
    (
        50,
        '6531503174',
        9,
        'Thesis Oversight Duties',
        0.00,
        0.00,
        2,
        '2025-08-18 14:56:14',
        '2025-08-19 01:39:49'
    ),
    (
        51,
        '6531503174',
        9,
        'Student Projects or Special Issues',
        0.00,
        0.00,
        3,
        '2025-08-18 14:56:14',
        '2025-08-19 01:39:49'
    ),
    (
        52,
        '6531503174',
        9,
        'Student Internships',
        6.00,
        0.00,
        4,
        '2025-08-18 14:56:14',
        '2025-08-19 01:39:49'
    ),
    (
        53,
        '6531503174',
        9,
        'Graduate Teaching',
        29.00,
        24.00,
        5,
        '2025-08-18 14:56:14',
        '2025-08-19 01:39:49'
    ),
    (
        54,
        '6531503174',
        9,
        'Undergraduate Teaching',
        80.00,
        90.00,
        6,
        '2025-08-18 14:56:14',
        '2025-08-19 01:39:49'
    ),
    (
        55,
        '6531503176',
        9,
        'Other Teaching Tasks Assigned by the Academic Office',
        0.00,
        0.00,
        1,
        '2025-08-18 14:56:14',
        '2025-08-19 01:40:30'
    ),
    (
        56,
        '6531503176',
        9,
        'Thesis Oversight Duties',
        0.00,
        0.00,
        2,
        '2025-08-18 14:56:14',
        '2025-08-19 01:40:30'
    ),
    (
        57,
        '6531503176',
        9,
        'Student Projects or Special Issues',
        0.00,
        0.00,
        3,
        '2025-08-18 14:56:14',
        '2025-08-19 01:40:30'
    ),
    (
        58,
        '6531503176',
        9,
        'Student Internships',
        6.00,
        0.00,
        4,
        '2025-08-18 14:56:14',
        '2025-08-19 01:40:30'
    ),
    (
        59,
        '6531503176',
        9,
        'Graduate Teaching',
        29.00,
        24.00,
        5,
        '2025-08-18 14:56:14',
        '2025-08-19 01:40:30'
    ),
    (
        60,
        '6531503176',
        9,
        'Undergraduate Teaching',
        80.00,
        90.00,
        6,
        '2025-08-18 14:56:14',
        '2025-08-19 01:40:30'
    ),
    (
        61,
        '6631205226',
        9,
        'Other Teaching Tasks Assigned by the Academic Office',
        0.00,
        0.00,
        1,
        '2025-08-18 14:56:14',
        '2025-08-19 01:30:22'
    ),
    (
        62,
        '6631205226',
        9,
        'Thesis Oversight Duties',
        0.00,
        0.00,
        2,
        '2025-08-18 14:56:14',
        '2025-08-19 01:29:25'
    ),
    (
        63,
        '6631205226',
        9,
        'Student Projects or Special Issues',
        0.00,
        0.00,
        3,
        '2025-08-18 14:56:14',
        '2025-08-19 01:29:25'
    ),
    (
        64,
        '6631205226',
        9,
        'Student Internships',
        3.00,
        0.00,
        4,
        '2025-08-18 14:56:14',
        '2025-08-19 01:31:23'
    ),
    (
        65,
        '6631205226',
        9,
        'Graduate Teaching',
        25.00,
        24.60,
        5,
        '2025-08-18 14:56:14',
        '2025-08-19 01:30:22'
    ),
    (
        66,
        '6631205226',
        9,
        'Undergraduate Teaching',
        80.00,
        70.00,
        6,
        '2025-08-18 14:56:14',
        '2025-08-19 01:29:25'
    ),
    (
        199,
        '6431703502',
        8,
        'Other Teaching Tasks Assigned by the Academic Office',
        7.50,
        7.00,
        1,
        '2025-08-18 19:02:48',
        '2025-08-18 19:02:48'
    ),
    (
        200,
        '6431703502',
        8,
        'Thesis Oversight Duties',
        8.20,
        7.80,
        2,
        '2025-08-18 19:02:48',
        '2025-08-18 19:02:48'
    ),
    (
        201,
        '6431703502',
        8,
        'Student Projects or Special Issues',
        6.80,
        7.50,
        3,
        '2025-08-18 19:02:48',
        '2025-08-18 19:02:48'
    ),
    (
        202,
        '6431703502',
        8,
        'Student Internships',
        7.90,
        7.60,
        4,
        '2025-08-18 19:02:48',
        '2025-08-18 19:02:48'
    ),
    (
        203,
        '6431703502',
        8,
        'Graduate Teaching',
        7.30,
        7.10,
        5,
        '2025-08-18 19:02:48',
        '2025-08-18 19:02:48'
    ),
    (
        204,
        '6431703502',
        8,
        'Undergraduate Teaching',
        8.00,
        7.70,
        6,
        '2025-08-18 19:02:48',
        '2025-08-18 19:02:48'
    ),
    (
        205,
        '6531503017',
        8,
        'Other Teaching Tasks Assigned by the Academic Office',
        8.50,
        8.00,
        1,
        '2025-08-18 19:02:48',
        '2025-08-18 19:02:48'
    ),
    (
        206,
        '6531503017',
        8,
        'Thesis Oversight Duties',
        9.00,
        8.60,
        2,
        '2025-08-18 19:02:48',
        '2025-08-18 19:02:48'
    ),
    (
        207,
        '6531503017',
        8,
        'Student Projects or Special Issues',
        7.80,
        8.20,
        3,
        '2025-08-18 19:02:48',
        '2025-08-18 19:02:48'
    ),
    (
        208,
        '6531503017',
        8,
        'Student Internships',
        8.70,
        8.30,
        4,
        '2025-08-18 19:02:48',
        '2025-08-18 19:02:48'
    ),
    (
        209,
        '6531503017',
        8,
        'Graduate Teaching',
        8.10,
        7.90,
        5,
        '2025-08-18 19:02:48',
        '2025-08-18 19:02:48'
    ),
    (
        210,
        '6531503017',
        8,
        'Undergraduate Teaching',
        8.90,
        8.40,
        6,
        '2025-08-18 19:02:48',
        '2025-08-18 19:02:48'
    ),
    (
        211,
        '6531503069',
        8,
        'Other Teaching Tasks Assigned by the Academic Office',
        6.80,
        6.50,
        1,
        '2025-08-18 19:02:48',
        '2025-08-18 19:02:48'
    ),
    (
        212,
        '6531503069',
        8,
        'Thesis Oversight Duties',
        7.50,
        7.20,
        2,
        '2025-08-18 19:02:48',
        '2025-08-18 19:02:48'
    ),
    (
        213,
        '6531503069',
        8,
        'Student Projects or Special Issues',
        6.20,
        6.80,
        3,
        '2025-08-18 19:02:48',
        '2025-08-18 19:02:48'
    ),
    (
        214,
        '6531503069',
        8,
        'Student Internships',
        7.10,
        6.90,
        4,
        '2025-08-18 19:02:48',
        '2025-08-18 19:02:48'
    ),
    (
        215,
        '6531503069',
        8,
        'Graduate Teaching',
        6.60,
        6.40,
        5,
        '2025-08-18 19:02:48',
        '2025-08-18 19:02:48'
    ),
    (
        216,
        '6531503069',
        8,
        'Undergraduate Teaching',
        7.30,
        7.00,
        6,
        '2025-08-18 19:02:48',
        '2025-08-18 19:02:48'
    ),
    (
        217,
        '6531503070',
        8,
        'Other Teaching Tasks Assigned by the Academic Office',
        7.80,
        7.30,
        1,
        '2025-08-18 19:02:48',
        '2025-08-18 19:02:48'
    ),
    (
        218,
        '6531503070',
        8,
        'Thesis Oversight Duties',
        8.40,
        8.00,
        2,
        '2025-08-18 19:02:48',
        '2025-08-18 19:02:48'
    ),
    (
        219,
        '6531503070',
        8,
        'Student Projects or Special Issues',
        7.10,
        7.70,
        3,
        '2025-08-18 19:02:48',
        '2025-08-18 19:02:48'
    ),
    (
        220,
        '6531503070',
        8,
        'Student Internships',
        8.10,
        7.80,
        4,
        '2025-08-18 19:02:48',
        '2025-08-18 19:02:48'
    ),
    (
        221,
        '6531503070',
        8,
        'Graduate Teaching',
        7.50,
        7.30,
        5,
        '2025-08-18 19:02:48',
        '2025-08-18 19:02:48'
    ),
    (
        222,
        '6531503070',
        8,
        'Undergraduate Teaching',
        8.20,
        7.90,
        6,
        '2025-08-18 19:02:48',
        '2025-08-18 19:02:48'
    ),
    (
        223,
        '6531503074',
        8,
        'Other Teaching Tasks Assigned by the Academic Office',
        8.70,
        8.20,
        1,
        '2025-08-18 19:02:48',
        '2025-08-18 19:02:48'
    ),
    (
        224,
        '6531503074',
        8,
        'Thesis Oversight Duties',
        9.20,
        8.80,
        2,
        '2025-08-18 19:02:48',
        '2025-08-18 19:02:48'
    ),
    (
        225,
        '6531503074',
        8,
        'Student Projects or Special Issues',
        8.00,
        8.40,
        3,
        '2025-08-18 19:02:48',
        '2025-08-18 19:02:48'
    ),
    (
        226,
        '6531503074',
        8,
        'Student Internships',
        8.90,
        8.50,
        4,
        '2025-08-18 19:02:48',
        '2025-08-18 19:02:48'
    ),
    (
        227,
        '6531503074',
        8,
        'Graduate Teaching',
        8.30,
        8.10,
        5,
        '2025-08-18 19:02:48',
        '2025-08-18 19:02:48'
    ),
    (
        228,
        '6531503074',
        8,
        'Undergraduate Teaching',
        9.10,
        8.60,
        6,
        '2025-08-18 19:02:48',
        '2025-08-18 19:02:48'
    ),
    (
        229,
        '6531503137',
        8,
        'Other Teaching Tasks Assigned by the Academic Office',
        6.20,
        5.90,
        1,
        '2025-08-18 19:02:48',
        '2025-08-18 19:02:48'
    ),
    (
        230,
        '6531503137',
        8,
        'Thesis Oversight Duties',
        6.90,
        6.60,
        2,
        '2025-08-18 19:02:48',
        '2025-08-18 19:02:48'
    ),
    (
        231,
        '6531503137',
        8,
        'Student Projects or Special Issues',
        5.60,
        6.20,
        3,
        '2025-08-18 19:02:48',
        '2025-08-18 19:02:48'
    ),
    (
        232,
        '6531503137',
        8,
        'Student Internships',
        6.50,
        6.30,
        4,
        '2025-08-18 19:02:48',
        '2025-08-18 19:02:48'
    ),
    (
        233,
        '6531503137',
        8,
        'Graduate Teaching',
        6.00,
        5.80,
        5,
        '2025-08-18 19:02:48',
        '2025-08-18 19:02:48'
    ),
    (
        234,
        '6531503137',
        8,
        'Undergraduate Teaching',
        6.70,
        6.40,
        6,
        '2025-08-18 19:02:48',
        '2025-08-18 19:02:48'
    ),
    (
        235,
        '6531503172',
        8,
        'Other Teaching Tasks Assigned by the Academic Office',
        0.00,
        0.00,
        1,
        '2025-08-18 19:02:48',
        '2025-08-19 01:38:21'
    ),
    (
        236,
        '6531503172',
        8,
        'Thesis Oversight Duties',
        0.00,
        0.00,
        2,
        '2025-08-18 19:02:48',
        '2025-08-19 01:38:21'
    ),
    (
        237,
        '6531503172',
        8,
        'Student Projects or Special Issues',
        0.00,
        0.00,
        3,
        '2025-08-18 19:02:48',
        '2025-08-19 01:38:21'
    ),
    (
        238,
        '6531503172',
        8,
        'Student Internships',
        6.00,
        0.00,
        4,
        '2025-08-18 19:02:48',
        '2025-08-19 01:38:21'
    ),
    (
        239,
        '6531503172',
        8,
        'Graduate Teaching',
        29.00,
        24.00,
        5,
        '2025-08-18 19:02:48',
        '2025-08-19 01:38:21'
    ),
    (
        240,
        '6531503172',
        8,
        'Undergraduate Teaching',
        80.00,
        90.00,
        6,
        '2025-08-18 19:02:48',
        '2025-08-19 01:38:21'
    ),
    (
        241,
        '6531503174',
        8,
        'Other Teaching Tasks Assigned by the Academic Office',
        8.00,
        7.50,
        1,
        '2025-08-18 19:02:48',
        '2025-08-18 19:02:48'
    ),
    (
        242,
        '6531503174',
        8,
        'Thesis Oversight Duties',
        8.60,
        8.20,
        2,
        '2025-08-18 19:02:48',
        '2025-08-18 19:02:48'
    ),
    (
        243,
        '6531503174',
        8,
        'Student Projects or Special Issues',
        7.30,
        7.90,
        3,
        '2025-08-18 19:02:48',
        '2025-08-18 19:02:48'
    ),
    (
        244,
        '6531503174',
        8,
        'Student Internships',
        8.40,
        8.00,
        4,
        '2025-08-18 19:02:48',
        '2025-08-18 19:02:48'
    ),
    (
        245,
        '6531503174',
        8,
        'Graduate Teaching',
        7.80,
        7.60,
        5,
        '2025-08-18 19:02:48',
        '2025-08-18 19:02:48'
    ),
    (
        246,
        '6531503174',
        8,
        'Undergraduate Teaching',
        8.50,
        8.10,
        6,
        '2025-08-18 19:02:48',
        '2025-08-18 19:02:48'
    ),
    (
        247,
        '6531503176',
        8,
        'Other Teaching Tasks Assigned by the Academic Office',
        6.50,
        6.20,
        1,
        '2025-08-18 19:02:48',
        '2025-08-18 19:02:48'
    ),
    (
        248,
        '6531503176',
        8,
        'Thesis Oversight Duties',
        7.20,
        6.90,
        2,
        '2025-08-18 19:02:48',
        '2025-08-18 19:02:48'
    ),
    (
        249,
        '6531503176',
        8,
        'Student Projects or Special Issues',
        5.90,
        6.50,
        3,
        '2025-08-18 19:02:48',
        '2025-08-18 19:02:48'
    ),
    (
        250,
        '6531503176',
        8,
        'Student Internships',
        6.80,
        6.60,
        4,
        '2025-08-18 19:02:48',
        '2025-08-18 19:02:48'
    ),
    (
        251,
        '6531503176',
        8,
        'Graduate Teaching',
        6.30,
        6.10,
        5,
        '2025-08-18 19:02:48',
        '2025-08-18 19:02:48'
    ),
    (
        252,
        '6531503176',
        8,
        'Undergraduate Teaching',
        7.00,
        6.70,
        6,
        '2025-08-18 19:02:48',
        '2025-08-18 19:02:48'
    ),
    (
        253,
        '6631205226',
        8,
        'Other Teaching Tasks Assigned by the Academic Office',
        0.00,
        0.00,
        1,
        '2025-08-18 19:02:48',
        '2025-08-19 01:36:16'
    ),
    (
        254,
        '6631205226',
        8,
        'Thesis Oversight Duties',
        0.00,
        0.00,
        2,
        '2025-08-18 19:02:48',
        '2025-08-19 01:36:16'
    ),
    (
        255,
        '6631205226',
        8,
        'Student Projects or Special Issues',
        0.00,
        0.00,
        3,
        '2025-08-18 19:02:48',
        '2025-08-19 01:36:16'
    ),
    (
        256,
        '6631205226',
        8,
        'Student Internships',
        6.00,
        0.00,
        4,
        '2025-08-18 19:02:48',
        '2025-08-19 01:36:16'
    ),
    (
        257,
        '6631205226',
        8,
        'Graduate Teaching',
        29.00,
        24.00,
        5,
        '2025-08-18 19:02:48',
        '2025-08-19 01:36:16'
    ),
    (
        258,
        '6631205226',
        8,
        'Undergraduate Teaching',
        80.00,
        90.00,
        6,
        '2025-08-18 19:02:48',
        '2025-08-19 01:36:16'
    );
/*!40000 ALTER TABLE `teaching_performance` ENABLE KEYS */
;
UNLOCK TABLES;

--
-- Table structure for table `undergraduate`
--

DROP TABLE IF EXISTS `undergraduate`;
/*!40101 SET @saved_cs_client     = @@character_set_client */
;
/*!50503 SET character_set_client = utf8mb4 */
;
CREATE TABLE `undergraduate` (
    `semester` int NOT NULL,
    `academic_year` int NOT NULL,
    `staff_code` varchar(20) NOT NULL,
    `course_code` varchar(20) NOT NULL,
    `course_name` varchar(255) NOT NULL,
    `section` int NOT NULL,
    `total_student` int NOT NULL
) ENGINE = InnoDB DEFAULT CHARSET = utf8mb4 COLLATE = utf8mb4_0900_ai_ci;
/*!40101 SET character_set_client = @saved_cs_client */
;

--
-- Dumping data for table `undergraduate`
--

LOCK TABLES `undergraduate` WRITE;
/*!40000 ALTER TABLE `undergraduate` DISABLE KEYS */
;
INSERT INTO
    `undergraduate`
VALUES (
        1,
        2567,
        '67212038',
        '1201101',
        'Foundations of Accounting',
        1,
        165
    ),
    (
        1,
        2567,
        '67212038',
        '1201202',
        'Intermediate Accounting 2',
        1,
        103
    ),
    (
        1,
        2567,
        '67212038',
        '1201302',
        'Advanced Accounting 2',
        1,
        93
    ),
    (
        1,
        2567,
        '67212038',
        '1201344',
        'Apprenticeship',
        1,
        10
    ),
    (
        1,
        2567,
        '67212038',
        '1201412',
        'Advanced Accounting 2',
        1,
        1
    );
/*!40000 ALTER TABLE `undergraduate` ENABLE KEYS */
;
UNLOCK TABLES;

--
-- Table structure for table `undergraduate_rawscore`
--

DROP TABLE IF EXISTS `undergraduate_rawscore`;
/*!40101 SET @saved_cs_client     = @@character_set_client */
;
/*!50503 SET character_set_client = utf8mb4 */
;
CREATE TABLE `undergraduate_rawscore` (
    `semester` int NOT NULL,
    `academic_year` int NOT NULL,
    `staff_code` varchar(20) NOT NULL,
    `score_lecture` decimal(5, 2) NOT NULL,
    `score_lab` decimal(5, 2) NOT NULL
) ENGINE = InnoDB DEFAULT CHARSET = utf8mb4 COLLATE = utf8mb4_0900_ai_ci;
/*!40101 SET character_set_client = @saved_cs_client */
;

--
-- Dumping data for table `undergraduate_rawscore`
--

LOCK TABLES `undergraduate_rawscore` WRITE;
/*!40000 ALTER TABLE `undergraduate_rawscore` DISABLE KEYS */
;
INSERT INTO
    `undergraduate_rawscore`
VALUES (
        1,
        2567,
        '61212204',
        82.50,
        41.25
    );
/*!40000 ALTER TABLE `undergraduate_rawscore` ENABLE KEYS */
;
UNLOCK TABLES;
/*!40103 SET TIME_ZONE=@OLD_TIME_ZONE */
;

/*!40101 SET SQL_MODE=@OLD_SQL_MODE */
;
/*!40014 SET FOREIGN_KEY_CHECKS=@OLD_FOREIGN_KEY_CHECKS */
;
/*!40014 SET UNIQUE_CHECKS=@OLD_UNIQUE_CHECKS */
;
/*!40101 SET CHARACTER_SET_CLIENT=@OLD_CHARACTER_SET_CLIENT */
;
/*!40101 SET CHARACTER_SET_RESULTS=@OLD_CHARACTER_SET_RESULTS */
;
/*!40101 SET COLLATION_CONNECTION=@OLD_COLLATION_CONNECTION */
;
/*!40111 SET SQL_NOTES=@OLD_SQL_NOTES */
;

-- Dump completed on 2025-08-19  2:04:58